#RunId:IMM75_sample8,Condition:Colorectal Cancer,Anti-PD1,CellSource:Colon,Tumor,Infiltrating cell,CellType:Unknown
AASeq	Vregion	Dregion	Jregion	cloneFraction
CASRDPGQGFSYEQYF	TRBV6-1	TRBD2-1	TRBJ2-7	0.01342555
CASRDPGQGFSYEQYF	TRBV6-1	TRBD2-1	TRBJ2-7	0.01342555
CASSPSGRGLRYEQYF	TRBV27-1	TRBD2-1	TRBJ2-7	0.01220504
CASSRDAGDSRQYF	TRBV4-3	TRBD1-1	TRBJ1-2	0.01220504
CAWIAPGQGYRGYTF	TRBV30-1	TRBD1-1	TRBJ1-2	0.01220504
CASSPSGRGLRYEQYF	TRBV27-1	TRBD2-1	TRBJ2-7	0.01220504
CASSRDAGDSRQYF	TRBV4-3	TRBD1-1	TRBJ1-2	0.01220504
CAWIAPGQGYRGYTF	TRBV30-1	TRBD1-1	TRBJ1-2	0.01220504
CASSQTTGFYGYTF	TRBV4-3	TRBD1-1	TRBJ1-2	0.01179821
CAWKPRGQYSSGANVLTF	TRBV30-1	TRBD1-1	TRBJ1-2	0.01179821
CASSQTTGFYGYTF	TRBV4-3	TRBD1-1	TRBJ1-2	0.01179821
CAWKPRGQYSSGANVLTF	TRBV30-1	TRBD1-1	TRBJ1-2	0.01179821
CASSPSGSFTDTQYF	TRBV27-1	TRBD2-1	TRBJ2-7	0.01017087
CASSPSGSFTDTQYF	TRBV27-1	TRBD2-1	TRBJ2-7	0.01017087
CASSQGTSTTNEQFF	TRBV4-3	TRBD1-1	TRBJ2-1	0.0093572
CASSQGTSTTNEQFF	TRBV4-3	TRBD1-1	TRBJ2-1	0.0093572
CSVVPGTGAYGYTF	TRBV29-1	TRBD1-1	TRBJ1-2	0.00895037
CSVVPGTGAYGYTF	TRBV29-1	TRBD1-1	TRBJ1-2	0.00895037
CASSLGGRGSNEKLFF	TRBV5-4	TRBD2-1	TRBJ1-4	0.00854353
CVSSLADRVYF	TRBV29-1	TRBD1-1	TRBJ1-2	0.00854353
CASSLGGRGSNEKLFF	TRBV5-4	TRBD2-1	TRBJ1-4	0.00854353
CVSSLADRVYF	TRBV29-1	TRBD1-1	TRBJ1-2	0.00854353
CASSLGGRQSYEQYF	TRBV5-4	TRBD2-1	TRBJ1-4	0.0081367
CASSLGGRQSYEQYF	TRBV5-4	TRBD2-1	TRBJ1-4	0.0081367
CASSQGTGTYNEQFF	TRBV4-3	TRBD1-1	TRBJ2-1	0.00772986
CASSQGTGTYNEQFF	TRBV4-3	TRBD1-1	TRBJ2-1	0.00772986
CASSGDRGTSGANVLTF	TRBV9-1	TRBD1-1	TRBJ1-5	0.00732303
CASSGDRGTSGANVLTF	TRBV9-1	TRBD1-1	TRBJ1-5	0.00732303
CASSSTGTLDSYEQYF	TRBV25-1	TRBD1-1	TRBJ2-7	0.00691619
CASSSTGTLDSYEQYF	TRBV25-1	TRBD1-1	TRBJ2-7	0.00691619
CASSSTQGTPFYEQYF	TRBV25-1	TRBD1-1	TRBJ2-7	0.00610252
CASSSTQGTPFYEQYF	TRBV25-1	TRBD1-1	TRBJ2-7	0.00610252
CASSFRYYGYTF	TRBV5-5	TRBD2-1	TRBJ1-2	0.00528885
CASSPWEGAKNIQYF	TRBV28-1	TRBD2-1	TRBJ2-4	0.00528885
CASSPWGGSYGYTF	TRBV28-1	TRBD2-1	TRBJ2-4	0.00528885
CASSFRYYGYTF	TRBV5-5	TRBD2-1	TRBJ1-2	0.00528885
CASSPWEGAKNIQYF	TRBV28-1	TRBD2-1	TRBJ2-4	0.00528885
CASSPWGGSYGYTF	TRBV28-1	TRBD2-1	TRBJ2-4	0.00528885
CASSFSGRGSDTQYF	TRBV5-5	TRBD2-1	TRBJ1-2	0.00488202
CASSYSPFVYEQYF	TRBV6-6	TRBD1-1	TRBJ1-1	0.00488202
CASTEGAGEKLFF	TRBV6-6	TRBD1-1	TRBJ1-2	0.00488202
CATSGGVNEKLFF	TRBV19-1	TRBD1-1	TRBJ1-4	0.00488202
CASSFSGRGSDTQYF	TRBV5-5	TRBD2-1	TRBJ1-2	0.00488202
CASSYSPFVYEQYF	TRBV6-6	TRBD1-1	TRBJ1-1	0.00488202
CASTEGAGEKLFF	TRBV6-6	TRBD1-1	TRBJ1-2	0.00488202
CATSGGVNEKLFF	TRBV19-1	TRBD1-1	TRBJ1-4	0.00488202
CASSGGQGYQPQHF	TRBV7-9	TRBD1-1	TRBJ1-5	0.00447518
CASSGGSSYNEQFF	TRBV7-9	TRBD1-1	TRBJ1-5	0.00447518
CASSQSTGSQDTQYF	TRBV11-3	TRBD2-1	TRBJ2-7	0.00447518
CASSTQGARTGELFF	TRBV28-1	TRBD1-1	TRBJ1-5	0.00447518
CAWSVLGGAKDTQYF	TRBV30-1	TRBD2-1	TRBJ2-3	0.00447518
CASSGGQGYQPQHF	TRBV7-9	TRBD1-1	TRBJ1-5	0.00447518
CASSGGSSYNEQFF	TRBV7-9	TRBD1-1	TRBJ1-5	0.00447518
CASSQSTGSQDTQYF	TRBV11-3	TRBD2-1	TRBJ2-7	0.00447518
CASSTQGARTGELFF	TRBV28-1	TRBD1-1	TRBJ1-5	0.00447518
CAWSVLGGAKDTQYF	TRBV30-1	TRBD2-1	TRBJ2-3	0.00447518
CASRPTGTSYGYTF	TRBV6-6	TRBD2-1	TRBJ1-3	0.00406835
CASSIGREPGKLDIQYF	TRBV5-6	TRBD2-1	TRBJ2-2	0.00406835
CASSVGLAGAEQYF	TRBV9-1	TRBD2-1	TRBJ2-4	0.00406835
CATSKGPTGYRALNIQYF	TRBV19-1	TRBD1-1	TRBJ1-4	0.00406835
CAWSWSAGYGYTF	TRBV30-1	TRBD2-1	TRBJ2-3	0.00406835
CASRPTGTSYGYTF	TRBV6-6	TRBD2-1	TRBJ1-3	0.00406835
CASSIGREPGKLDIQYF	TRBV5-6	TRBD2-1	TRBJ2-2	0.00406835
CASSVGLAGAEQYF	TRBV9-1	TRBD2-1	TRBJ2-4	0.00406835
CATSKGPTGYRALNIQYF	TRBV19-1	TRBD1-1	TRBJ1-4	0.00406835
CAWSWSAGYGYTF	TRBV30-1	TRBD2-1	TRBJ2-3	0.00406835
CAIGEQGRTDTQYF	TRBV6-1	TRBD2-1	TRBJ1-1	0.00366151
CAISPQGYEQYF	TRBV10-3	TRBD1-1	TRBJ2-7	0.00366151
CASSLAGSDTQYF	TRBV11-2	TRBD2-1	TRBJ2-7	0.00366151
CASSPSQGRMTEAFF	TRBV27-1	TRBD1-1	TRBJ1-1	0.00366151
CASSPSSVDTQYF	TRBV27-1	TRBD1-1	TRBJ1-1	0.00366151
CASSQFLSYEQYF	TRBV14-1	TRBD2-1	TRBJ2-7	0.00366151
CASSQGAAGGLTDTQYF	TRBV14-1	TRBD2-1	TRBJ2-7	0.00366151
CASSQNQETQYF	TRBV4-2	TRBD2-1	TRBJ2-1	0.00366151
CAIGEQGRTDTQYF	TRBV6-1	TRBD2-1	TRBJ1-1	0.00366151
CAISPQGYEQYF	TRBV10-3	TRBD1-1	TRBJ2-7	0.00366151
CASSLAGSDTQYF	TRBV11-2	TRBD2-1	TRBJ2-7	0.00366151
CASSPSQGRMTEAFF	TRBV27-1	TRBD1-1	TRBJ1-1	0.00366151
CASSPSSVDTQYF	TRBV27-1	TRBD1-1	TRBJ1-1	0.00366151
CASSQFLSYEQYF	TRBV14-1	TRBD2-1	TRBJ2-7	0.00366151
CASSQGAAGGLTDTQYF	TRBV14-1	TRBD2-1	TRBJ2-7	0.00366151
CASSQNQETQYF	TRBV4-2	TRBD2-1	TRBJ2-1	0.00366151
CASRPTGNTIYF	TRBV6-6	TRBD2-1	TRBJ1-3	0.00325468
CASSFMMSSYEQYF	TRBV28-1	TRBD2-1	TRBJ2-7	0.00325468
CASSLRWGGTDTQYF	TRBV7-2	TRBD1-1	TRBJ2-3	0.00325468
CASSNYYEQYF	TRBV19-1	TRBD1-1	TRBJ2-1	0.00325468
CASSPPGQLAKNIQYF	TRBV11-2	TRBD1-1	TRBJ2-4	0.00325468
CASSPPQGLYYEQYF	TRBV11-2	TRBD1-1	TRBJ2-4	0.00325468
CASSVGLAWTGELFF	TRBV9-1	TRBD2-1	TRBJ2-7	0.00325468
CATSSSGRASDTQYF	TRBV15-1	TRBD1-1	TRBJ1-2	0.00325468
CATSTTGIGEKLFF	TRBV15-1	TRBD2-1	TRBJ2-3	0.00325468
CASRPTGNTIYF	TRBV6-6	TRBD2-1	TRBJ1-3	0.00325468
CASSFMMSSYEQYF	TRBV28-1	TRBD2-1	TRBJ2-7	0.00325468
CASSLRWGGTDTQYF	TRBV7-2	TRBD1-1	TRBJ2-3	0.00325468
CASSNYYEQYF	TRBV19-1	TRBD1-1	TRBJ2-1	0.00325468
CASSPPGQLAKNIQYF	TRBV11-2	TRBD1-1	TRBJ2-4	0.00325468
CASSPPQGLYYEQYF	TRBV11-2	TRBD1-1	TRBJ2-4	0.00325468
CASSVGLAWTGELFF	TRBV9-1	TRBD2-1	TRBJ2-7	0.00325468
CATSSSGRASDTQYF	TRBV15-1	TRBD1-1	TRBJ1-2	0.00325468
CATSTTGIGEKLFF	TRBV15-1	TRBD2-1	TRBJ2-3	0.00325468
CAISRDRRLGETQYF	TRBV10-3	TRBD1-1	TRBJ2-7	0.00284784
CASRSHATSGRAGRYEQYF	TRBV12-2	TRBD2-1	TRBJ2-7	0.00284784
CASSKETGSTGELFF	TRBV5-1	TRBD1-1	TRBJ1-2	0.00284784
CASSLAGASGEQYF	TRBV5-4	TRBD2-1	TRBJ2-7	0.00284784
CASSLAGGPREQYF	TRBV11-2	TRBD2-1	TRBJ2-7	0.00284784
CASSLDRTGAYEQYF	TRBV7-2	TRBD1-1	TRBJ2-7	0.00284784
CASSLETSGNTGELFF	TRBV7-9	TRBD1-1	TRBJ1-1	0.00284784
CASSLSAGALYGYTF	TRBV7-2	TRBD1-1	TRBJ2-3	0.00284784
CASSPSGMGYEQYF	TRBV18-1	TRBD2-1	TRBJ2-7	0.00284784
CASSPSYGGTGELFF	TRBV7-7	TRBD2-1	TRBJ2-2	0.00284784
CASSPTDRGLYNEQFF	TRBV7-7	TRBD2-1	TRBJ2-2	0.00284784
CASSRLAGAEQFF	TRBV5-1	TRBD2-1	TRBJ2-3	0.00284784
CASSTGGRLAQHF	TRBV28-1	TRBD2-1	TRBJ1-5	0.00284784
CASSTGLAGFRYNEQFF	TRBV28-1	TRBD2-1	TRBJ1-5	0.00284784
CASSVGATEAFF	TRBV5-5	TRBD1-1	TRBJ2-2	0.00284784
CASSVGLAENIQYF	TRBV9-1	TRBD2-1	TRBJ2-4	0.00284784
CASSVGTGVNIQYF	TRBV9-1	TRBD1-1	TRBJ2-4	0.00284784
CAISRDRRLGETQYF	TRBV10-3	TRBD1-1	TRBJ2-7	0.00284784
CASRSHATSGRAGRYEQYF	TRBV12-2	TRBD2-1	TRBJ2-7	0.00284784
CASSKETGSTGELFF	TRBV5-1	TRBD1-1	TRBJ1-2	0.00284784
CASSLAGASGEQYF	TRBV5-4	TRBD2-1	TRBJ2-7	0.00284784
CASSLAGGPREQYF	TRBV11-2	TRBD2-1	TRBJ2-7	0.00284784
CASSLDRTGAYEQYF	TRBV7-2	TRBD1-1	TRBJ2-7	0.00284784
CASSLETSGNTGELFF	TRBV7-9	TRBD1-1	TRBJ1-1	0.00284784
CASSLSAGALYGYTF	TRBV7-2	TRBD1-1	TRBJ2-3	0.00284784
CASSPSGMGYEQYF	TRBV18-1	TRBD2-1	TRBJ2-7	0.00284784
CASSPSYGGTGELFF	TRBV7-7	TRBD2-1	TRBJ2-2	0.00284784
CASSPTDRGLYNEQFF	TRBV7-7	TRBD2-1	TRBJ2-2	0.00284784
CASSRLAGAEQFF	TRBV5-1	TRBD2-1	TRBJ2-3	0.00284784
CASSTGGRLAQHF	TRBV28-1	TRBD2-1	TRBJ1-5	0.00284784
CASSTGLAGFRYNEQFF	TRBV28-1	TRBD2-1	TRBJ1-5	0.00284784
CASSVGATEAFF	TRBV5-5	TRBD1-1	TRBJ2-2	0.00284784
CASSVGLAENIQYF	TRBV9-1	TRBD2-1	TRBJ2-4	0.00284784
CASSVGTGVNIQYF	TRBV9-1	TRBD1-1	TRBJ2-4	0.00284784
CAIDRGITEAFF	TRBV6-1	TRBD2-1	TRBJ1-1	0.00244101
CASGTGDQETQYF	TRBV25-1	TRBD1-1	TRBJ2-5	0.00244101
CASGTGRLAGAYEQYF	TRBV25-1	TRBD1-1	TRBJ2-5	0.00244101
CASSAEHTGELFF	TRBV2-1	TRBD2-1	TRBJ2-2	0.00244101
CASSAGIAYEQYF	TRBV2-1	TRBD2-1	TRBJ2-2	0.00244101
CASSFNRVSEQYF	TRBV28-1	TRBD2-1	TRBJ2-7	0.00244101
CASSIGDTGELFF	TRBV5-6	TRBD2-1	TRBJ2-2	0.00244101
CASSIGVEAEAFF	TRBV19-1	TRBD2-1	TRBJ2-4	0.00244101
CASSLAGFRWTDTQYF	TRBV5-4	TRBD2-1	TRBJ2-7	0.00244101
CASSLDRYYNEQFF	TRBV7-2	TRBD1-1	TRBJ2-7	0.00244101
CASSLEGRGSNTEAFF	TRBV5-4	TRBD2-1	TRBJ1-1	0.00244101
CASSLELAGFTGELFF	TRBV5-4	TRBD2-1	TRBJ1-1	0.00244101
CASSLETGAGAFF	TRBV7-9	TRBD1-1	TRBJ1-1	0.00244101
CASSLGSGGVTYEQYF	TRBV13-1	TRBD1-1	TRBJ1-1	0.00244101
CASSLTGGSTYEQYF	TRBV7-3	TRBD2-1	TRBJ2-7	0.00244101
CASSLTGHETQYF	TRBV7-3	TRBD2-1	TRBJ2-7	0.00244101
CASSLVPTDTQYF	TRBV5-6	TRBD2-1	TRBJ2-3	0.00244101
CASSLVQTTGELFF	TRBV5-6	TRBD2-1	TRBJ2-3	0.00244101
CASSNTVNEQFF	TRBV19-1	TRBD1-1	TRBJ2-1	0.00244101
CASSQDLGVGTQYF	TRBV4-3	TRBD2-1	TRBJ2-1	0.00244101
CASSQSDSGRAGSYEQYF	TRBV11-3	TRBD2-1	TRBJ2-7	0.00244101
CASSQTRDSTDTQYF	TRBV4-3	TRBD1-1	TRBJ2-3	0.00244101
CASSSLVYEQYF	TRBV11-2	TRBD2-1	TRBJ2-7	0.00244101
CASSSMTGSYEQYF	TRBV11-2	TRBD2-1	TRBJ2-7	0.00244101
CASSSTGLNTEAFF	TRBV23-1	TRBD2-1	TRBJ1-1	0.00244101
CASSTRGEGNQPQHF	TRBV19-1	TRBD1-1	TRBJ2-2	0.00244101
CASSVAPSGRETQYF	TRBV6-1	TRBD2-1	TRBJ2-1	0.00244101
CASSVDRVDYRELFF	TRBV5-5	TRBD1-1	TRBJ2-2	0.00244101
CASSYGGQLLSYEQYF	TRBV6-6	TRBD1-1	TRBJ2-7	0.00244101
CASSYLAWREAEQFF	TRBV6-5	TRBD1-1	TRBJ2-7	0.00244101
CASSYVEGSFYEQYF	TRBV6-5	TRBD2-1	TRBJ2-7	0.00244101
CASSYWPSGSNEQFF	TRBV6-5	TRBD2-1	TRBJ2-7	0.00244101
CAWSEARGSEAFF	TRBV30-1	TRBD1-1	TRBJ2-4	0.00244101
CAIDRGITEAFF	TRBV6-1	TRBD2-1	TRBJ1-1	0.00244101
CASGTGDQETQYF	TRBV25-1	TRBD1-1	TRBJ2-5	0.00244101
CASGTGRLAGAYEQYF	TRBV25-1	TRBD1-1	TRBJ2-5	0.00244101
CASSAEHTGELFF	TRBV2-1	TRBD2-1	TRBJ2-2	0.00244101
CASSAGIAYEQYF	TRBV2-1	TRBD2-1	TRBJ2-2	0.00244101
CASSFNRVSEQYF	TRBV28-1	TRBD2-1	TRBJ2-7	0.00244101
CASSIGDTGELFF	TRBV5-6	TRBD2-1	TRBJ2-2	0.00244101
CASSIGVEAEAFF	TRBV19-1	TRBD2-1	TRBJ2-4	0.00244101
CASSLAGFRWTDTQYF	TRBV5-4	TRBD2-1	TRBJ2-7	0.00244101
CASSLDRYYNEQFF	TRBV7-2	TRBD1-1	TRBJ2-7	0.00244101
CASSLEGRGSNTEAFF	TRBV5-4	TRBD2-1	TRBJ1-1	0.00244101
CASSLELAGFTGELFF	TRBV5-4	TRBD2-1	TRBJ1-1	0.00244101
CASSLETGAGAFF	TRBV7-9	TRBD1-1	TRBJ1-1	0.00244101
CASSLGSGGVTYEQYF	TRBV13-1	TRBD1-1	TRBJ1-1	0.00244101
CASSLTGGSTYEQYF	TRBV7-3	TRBD2-1	TRBJ2-7	0.00244101
CASSLTGHETQYF	TRBV7-3	TRBD2-1	TRBJ2-7	0.00244101
CASSLVPTDTQYF	TRBV5-6	TRBD2-1	TRBJ2-3	0.00244101
CASSLVQTTGELFF	TRBV5-6	TRBD2-1	TRBJ2-3	0.00244101
CASSNTVNEQFF	TRBV19-1	TRBD1-1	TRBJ2-1	0.00244101
CASSQDLGVGTQYF	TRBV4-3	TRBD2-1	TRBJ2-1	0.00244101
CASSQSDSGRAGSYEQYF	TRBV11-3	TRBD2-1	TRBJ2-7	0.00244101
CASSQTRDSTDTQYF	TRBV4-3	TRBD1-1	TRBJ2-3	0.00244101
CASSSLVYEQYF	TRBV11-2	TRBD2-1	TRBJ2-7	0.00244101
CASSSMTGSYEQYF	TRBV11-2	TRBD2-1	TRBJ2-7	0.00244101
CASSSTGLNTEAFF	TRBV23-1	TRBD2-1	TRBJ1-1	0.00244101
CASSTRGEGNQPQHF	TRBV19-1	TRBD1-1	TRBJ2-2	0.00244101
CASSVAPSGRETQYF	TRBV6-1	TRBD2-1	TRBJ2-1	0.00244101
CASSVDRVDYRELFF	TRBV5-5	TRBD1-1	TRBJ2-2	0.00244101
CASSYGGQLLSYEQYF	TRBV6-6	TRBD1-1	TRBJ2-7	0.00244101
CASSYLAWREAEQFF	TRBV6-5	TRBD1-1	TRBJ2-7	0.00244101
CASSYVEGSFYEQYF	TRBV6-5	TRBD2-1	TRBJ2-7	0.00244101
CASSYWPSGSNEQFF	TRBV6-5	TRBD2-1	TRBJ2-7	0.00244101
CAWSEARGSEAFF	TRBV30-1	TRBD1-1	TRBJ2-4	0.00244101
CAISPGLAPRNEQFF	TRBV10-3	TRBD2-1	TRBJ2-1	0.00203417
CASRDRSATNEKLFF	TRBV2-1	TRBD1-1	TRBJ1-4	0.00203417
CASRLDRRTEAFF	TRBV10-2	TRBD1-1	TRBJ1-1	0.00203417
CASRLLGGASYEQYF	TRBV10-2	TRBD1-1	TRBJ1-1	0.00203417
CASRRTSGRAGTGELFF	TRBV5-1	TRBD2-1	TRBJ2-2	0.00203417
CASRSQQGHEQYF	TRBV12-2	TRBD2-1	TRBJ2-7	0.00203417
CASSEFGGRREDTQYF	TRBV6-1	TRBD2-1	TRBJ2-3	0.00203417
CASSFSGTMAEQYF	TRBV7-2	TRBD2-1	TRBJ2-4	0.00203417
CASSKDKDYGYTF	TRBV5-1	TRBD1-1	TRBJ1-2	0.00203417
CASSLESAGRKLFF	TRBV7-6	TRBD2-1	TRBJ1-4	0.00203417
CASSLRDRGRGEQFF	TRBV5-4	TRBD1-1	TRBJ2-1	0.00203417
CASSPGMYTEAFF	TRBV7-8	TRBD1-1	TRBJ1-1	0.00203417
CASSPQGDTQYF	TRBV18-1	TRBD2-1	TRBJ2-1	0.00203417
CASSQPSGRPLQETQYF	TRBV13-1	TRBD1-1	TRBJ2-5	0.00203417
CASSRDLTYEQYF	TRBV9-1	TRBD2-1	TRBJ2-7	0.00203417
CASSRDRSGANVLTF	TRBV9-1	TRBD2-1	TRBJ2-7	0.00203417
CASSSDTTQGSNYEQYF	TRBV7-9	TRBD1-1	TRBJ1-1	0.00203417
CASSVAPAGGSYNEQFF	TRBV6-1	TRBD2-1	TRBJ2-1	0.00203417
CASSVATGTGVTGNTIYF	TRBV9-1	TRBD1-1	TRBJ1-3	0.00203417
CASSVDLAGEFHEQFF	TRBV9-1	TRBD1-1	TRBJ1-3	0.00203417
CASSVGYGGNNEQFF	TRBV9-1	TRBD1-1	TRBJ2-4	0.00203417
CASSVIGVSGEQYF	TRBV9-1	TRBD2-1	TRBJ2-1	0.00203417
CASSYGTSGSLDEQFF	TRBV6-6	TRBD1-1	TRBJ2-7	0.00203417
CATDDGQGYEQFF	TRBV19-1	TRBD1-1	TRBJ2-1	0.00203417
CATKSGLLTDTQYF	TRBV19-1	TRBD1-1	TRBJ2-1	0.00203417
CATSAYGRAVGETQYF	TRBV15-1	TRBD2-1	TRBJ2-5	0.00203417
CAWRPPRTSGSFADTQYF	TRBV30-1	TRBD2-1	TRBJ2-3	0.00203417
CAWSFGAREKLFF	TRBV30-1	TRBD2-1	TRBJ1-1	0.00203417
CAISPGLAPRNEQFF	TRBV10-3	TRBD2-1	TRBJ2-1	0.00203417
CASRDRSATNEKLFF	TRBV2-1	TRBD1-1	TRBJ1-4	0.00203417
CASRLDRRTEAFF	TRBV10-2	TRBD1-1	TRBJ1-1	0.00203417
CASRLLGGASYEQYF	TRBV10-2	TRBD1-1	TRBJ1-1	0.00203417
CASRRTSGRAGTGELFF	TRBV5-1	TRBD2-1	TRBJ2-2	0.00203417
CASRSQQGHEQYF	TRBV12-2	TRBD2-1	TRBJ2-7	0.00203417
CASSEFGGRREDTQYF	TRBV6-1	TRBD2-1	TRBJ2-3	0.00203417
CASSFSGTMAEQYF	TRBV7-2	TRBD2-1	TRBJ2-4	0.00203417
CASSKDKDYGYTF	TRBV5-1	TRBD1-1	TRBJ1-2	0.00203417
CASSLESAGRKLFF	TRBV7-6	TRBD2-1	TRBJ1-4	0.00203417
CASSLRDRGRGEQFF	TRBV5-4	TRBD1-1	TRBJ2-1	0.00203417
CASSPGMYTEAFF	TRBV7-8	TRBD1-1	TRBJ1-1	0.00203417
CASSPQGDTQYF	TRBV18-1	TRBD2-1	TRBJ2-1	0.00203417
CASSQPSGRPLQETQYF	TRBV13-1	TRBD1-1	TRBJ2-5	0.00203417
CASSRDLTYEQYF	TRBV9-1	TRBD2-1	TRBJ2-7	0.00203417
CASSRDRSGANVLTF	TRBV9-1	TRBD2-1	TRBJ2-7	0.00203417
CASSSDTTQGSNYEQYF	TRBV7-9	TRBD1-1	TRBJ1-1	0.00203417
CASSVAPAGGSYNEQFF	TRBV6-1	TRBD2-1	TRBJ2-1	0.00203417
CASSVATGTGVTGNTIYF	TRBV9-1	TRBD1-1	TRBJ1-3	0.00203417
CASSVDLAGEFHEQFF	TRBV9-1	TRBD1-1	TRBJ1-3	0.00203417
CASSVGYGGNNEQFF	TRBV9-1	TRBD1-1	TRBJ2-4	0.00203417
CASSVIGVSGEQYF	TRBV9-1	TRBD2-1	TRBJ2-1	0.00203417
CASSYGTSGSLDEQFF	TRBV6-6	TRBD1-1	TRBJ2-7	0.00203417
CATDDGQGYEQFF	TRBV19-1	TRBD1-1	TRBJ2-1	0.00203417
CATKSGLLTDTQYF	TRBV19-1	TRBD1-1	TRBJ2-1	0.00203417
CATSAYGRAVGETQYF	TRBV15-1	TRBD2-1	TRBJ2-5	0.00203417
CAWRPPRTSGSFADTQYF	TRBV30-1	TRBD2-1	TRBJ2-3	0.00203417
CAWSFGAREKLFF	TRBV30-1	TRBD2-1	TRBJ1-1	0.00203417
CAIMTRSYEQYF	TRBV10-3	TRBD1-1	TRBJ2-3	0.00162734
CASGLVLGGNTEAFF	TRBV7-8	TRBD2-1	TRBJ2-3	0.00162734
CASGRQGTPAGAFF	TRBV11-2	TRBD1-1	TRBJ1-1	0.00162734
CASGSPRGYNEQFF	TRBV11-2	TRBD1-1	TRBJ1-1	0.00162734
CASMGGNSDTQYF	TRBV27-1	TRBD2-1	TRBJ2-3	0.00162734
CASMLATNEKLFF	TRBV27-1	TRBD2-1	TRBJ2-3	0.00162734
CASNSGVNTEAFF	TRBV19-1	TRBD1-1	TRBJ1-5	0.00162734
CASNSLTGSQETQYF	TRBV19-1	TRBD2-1	TRBJ1-1	0.00162734
CASRDTGFGETQYF	TRBV2-1	TRBD1-1	TRBJ1-4	0.00162734
CASRHYGETNEKLFF	TRBV5-1	TRBD2-1	TRBJ1-4	0.00162734
CASRIDGDTNTGELFF	TRBV5-1	TRBD2-1	TRBJ1-4	0.00162734
CASRQNRDNEKLFF	TRBV5-1	TRBD1-1	TRBJ1-2	0.00162734
CASRTGTENEKLFF	TRBV6-5	TRBD1-1	TRBJ2-7	0.00162734
CASRTGTGPQETQYF	TRBV19-1	TRBD1-1	TRBJ1-4	0.00162734
CASSAPSPDTQYF	TRBV19-1	TRBD2-1	TRBJ2-5	0.00162734
CASSARQGALSGYTF	TRBV28-1	TRBD2-1	TRBJ2-3	0.00162734
CASSDLGEQFF	TRBV10-1	TRBD2-1	TRBJ2-1	0.00162734
CASSDLTGIYEQYF	TRBV10-1	TRBD2-1	TRBJ2-1	0.00162734
CASSDPSSYNEQFF	TRBV19-1	TRBD1-1	TRBJ2-7	0.00162734
CASSDSDRRSYNEQFF	TRBV19-1	TRBD2-1	TRBJ2-1	0.00162734
CASSECYGGGTDTQYF	TRBV25-1	TRBD1-1	TRBJ2-3	0.00162734
CASSEDSDSPGANVLTF	TRBV25-1	TRBD1-1	TRBJ2-3	0.00162734
CASSEGAIADTQYF	TRBV6-1	TRBD2-1	TRBJ2-3	0.00162734
CASSEVMRRDYGYTF	TRBV6-1	TRBD2-1	TRBJ1-2	0.00162734
CASSEYSLTDTQYF	TRBV6-1	TRBD2-1	TRBJ1-2	0.00162734
CASSFHPDYWQFF	TRBV28-1	TRBD2-1	TRBJ2-1	0.00162734
CASSFQGSYGYTF	TRBV5-5	TRBD1-1	TRBJ1-2	0.00162734
CASSFRPGEGNTIYF	TRBV5-5	TRBD1-1	TRBJ1-2	0.00162734
CASSFSIGSRAYNEQFF	TRBV5-1	TRBD1-1	TRBJ2-7	0.00162734
CASSGGVTDTQYF	TRBV28-1	TRBD2-1	TRBJ2-1	0.00162734
CASSGTQLEGLQQFF	TRBV4-1	TRBD2-1	TRBJ2-1	0.00162734
CASSGTSDVDTGELFF	TRBV4-1	TRBD2-1	TRBJ2-1	0.00162734
CASSHVLAGETQYF	TRBV13-1	TRBD1-1	TRBJ1-1	0.00162734
CASSISAVFTDTQYF	TRBV19-1	TRBD2-1	TRBJ2-3	0.00162734
CASSITTGVLNTEAFF	TRBV19-1	TRBD2-1	TRBJ2-3	0.00162734
CASSKTGTGFQPQHF	TRBV19-1	TRBD1-1	TRBJ1-5	0.00162734
CASSKTGTNNYEQYF	TRBV19-1	TRBD1-1	TRBJ1-5	0.00162734
CASSLAGYNEQFF	TRBV5-1	TRBD2-1	TRBJ2-3	0.00162734
CASSLESGIGTGELFF	TRBV7-6	TRBD2-1	TRBJ1-4	0.00162734
CASSLEVSRFSETQYF	TRBV5-1	TRBD2-1	TRBJ2-2	0.00162734
CASSLGGRGANEKLFF	TRBV7-6	TRBD1-1	TRBJ2-7	0.00162734
CASSLRDITISSSYNEQFF	TRBV5-4	TRBD2-1	TRBJ1-1	0.00162734
CASSLRGQLNYGYTF	TRBV5-4	TRBD1-1	TRBJ2-1	0.00162734
CASSMEGFTEAFF	TRBV19-1	TRBD2-1	TRBJ1-1	0.00162734
CASSMGDSQNQPQHF	TRBV19-1	TRBD2-1	TRBJ1-1	0.00162734
CASSNDNQETQYF	TRBV19-1	TRBD1-1	TRBJ2-5	0.00162734
CASSNLAGGDNEQFF	TRBV19-1	TRBD1-1	TRBJ2-5	0.00162734
CASSPGNRGGGHQPQHF	TRBV7-8	TRBD1-1	TRBJ1-1	0.00162734
CASSQDGGSNEQFF	TRBV4-3	TRBD2-1	TRBJ2-1	0.00162734
CASSQDLQREGHPSEQYF	TRBV14-1	TRBD2-1	TRBJ2-3	0.00162734
CASSQDNTRSNNEKLFF	TRBV4-2	TRBD2-1	TRBJ2-7	0.00162734
CASSSDSLEAFF	TRBV7-9	TRBD1-1	TRBJ1-1	0.00162734
CASSSGGDYEQYF	TRBV28-1	TRBD1-1	TRBJ2-7	0.00162734
CASSSGLSNTEAFF	TRBV6-6	TRBD2-1	TRBJ1-1	0.00162734
CASSSLGFIEKLFF	TRBV6-6	TRBD2-1	TRBJ1-1	0.00162734
CASSSQGQGAETQYF	TRBV7-2	TRBD1-1	TRBJ2-5	0.00162734
CASSSQSKCTKSGNVLTF	TRBV7-2	TRBD1-1	TRBJ2-5	0.00162734
CASSSTDGRNTEAFF	TRBV23-1	TRBD2-1	TRBJ1-1	0.00162734
CASSVRTGNGEQYF	TRBV9-1	TRBD1-1	TRBJ2-7	0.00162734
CASSVSGRASDEQYF	TRBV9-1	TRBD1-1	TRBJ2-7	0.00162734
CASSYDSSTDTQYF	TRBV19-1	TRBD1-1	TRBJ2-3	0.00162734
CASSYFLSSSENTIYF	TRBV19-1	TRBD1-1	TRBJ2-3	0.00162734
CASSYPGGYEQYF	TRBV6-5	TRBD2-1	TRBJ2-1	0.00162734
CASSYPLGGGLGGANVLTF	TRBV7-8	TRBD2-1	TRBJ2-6	0.00162734
CASSYQETQYF	TRBV7-8	TRBD2-1	TRBJ2-6	0.00162734
CASSYTSGGTGELFF	TRBV6-5	TRBD2-1	TRBJ2-7	0.00162734
CASTLGLAGKTGETQYF	TRBV7-9	TRBD2-1	TRBJ2-5	0.00162734
CASTLRGTYGYTF	TRBV7-9	TRBD2-1	TRBJ2-5	0.00162734
CASTPYADRGQGYTF	TRBV19-1	TRBD1-1	TRBJ1-2	0.00162734
CASTREGSGKQFF	TRBV19-1	TRBD1-1	TRBJ1-2	0.00162734
CATNGGAGETQYF	TRBV19-1	TRBD2-1	TRBJ1-4	0.00162734
CATSSSPADTQYF	TRBV15-1	TRBD2-1	TRBJ2-3	0.00162734
CAWRSTSSSYEQYF	TRBV30-1	TRBD2-1	TRBJ2-3	0.00162734
CSVNRVRTEAFF	TRBV29-1	TRBD2-1	TRBJ2-5	0.00162734
CAIMTRSYEQYF	TRBV10-3	TRBD1-1	TRBJ2-3	0.00162734
CASGLVLGGNTEAFF	TRBV7-8	TRBD2-1	TRBJ2-3	0.00162734
CASGRQGTPAGAFF	TRBV11-2	TRBD1-1	TRBJ1-1	0.00162734
CASGSPRGYNEQFF	TRBV11-2	TRBD1-1	TRBJ1-1	0.00162734
CASMGGNSDTQYF	TRBV27-1	TRBD2-1	TRBJ2-3	0.00162734
CASMLATNEKLFF	TRBV27-1	TRBD2-1	TRBJ2-3	0.00162734
CASNSGVNTEAFF	TRBV19-1	TRBD1-1	TRBJ1-5	0.00162734
CASNSLTGSQETQYF	TRBV19-1	TRBD2-1	TRBJ1-1	0.00162734
CASRDTGFGETQYF	TRBV2-1	TRBD1-1	TRBJ1-4	0.00162734
CASRHYGETNEKLFF	TRBV5-1	TRBD2-1	TRBJ1-4	0.00162734
CASRIDGDTNTGELFF	TRBV5-1	TRBD2-1	TRBJ1-4	0.00162734
CASRQNRDNEKLFF	TRBV5-1	TRBD1-1	TRBJ1-2	0.00162734
CASRTGTENEKLFF	TRBV6-5	TRBD1-1	TRBJ2-7	0.00162734
CASRTGTGPQETQYF	TRBV19-1	TRBD1-1	TRBJ1-4	0.00162734
CASSAPSPDTQYF	TRBV19-1	TRBD2-1	TRBJ2-5	0.00162734
CASSARQGALSGYTF	TRBV28-1	TRBD2-1	TRBJ2-3	0.00162734
CASSDLGEQFF	TRBV10-1	TRBD2-1	TRBJ2-1	0.00162734
CASSDLTGIYEQYF	TRBV10-1	TRBD2-1	TRBJ2-1	0.00162734
CASSDPSSYNEQFF	TRBV19-1	TRBD1-1	TRBJ2-7	0.00162734
CASSDSDRRSYNEQFF	TRBV19-1	TRBD2-1	TRBJ2-1	0.00162734
CASSECYGGGTDTQYF	TRBV25-1	TRBD1-1	TRBJ2-3	0.00162734
CASSEDSDSPGANVLTF	TRBV25-1	TRBD1-1	TRBJ2-3	0.00162734
CASSEGAIADTQYF	TRBV6-1	TRBD2-1	TRBJ2-3	0.00162734
CASSEVMRRDYGYTF	TRBV6-1	TRBD2-1	TRBJ1-2	0.00162734
CASSEYSLTDTQYF	TRBV6-1	TRBD2-1	TRBJ1-2	0.00162734
CASSFHPDYWQFF	TRBV28-1	TRBD2-1	TRBJ2-1	0.00162734
CASSFQGSYGYTF	TRBV5-5	TRBD1-1	TRBJ1-2	0.00162734
CASSFRPGEGNTIYF	TRBV5-5	TRBD1-1	TRBJ1-2	0.00162734
CASSFSIGSRAYNEQFF	TRBV5-1	TRBD1-1	TRBJ2-7	0.00162734
CASSGGVTDTQYF	TRBV28-1	TRBD2-1	TRBJ2-1	0.00162734
CASSGTQLEGLQQFF	TRBV4-1	TRBD2-1	TRBJ2-1	0.00162734
CASSGTSDVDTGELFF	TRBV4-1	TRBD2-1	TRBJ2-1	0.00162734
CASSHVLAGETQYF	TRBV13-1	TRBD1-1	TRBJ1-1	0.00162734
CASSISAVFTDTQYF	TRBV19-1	TRBD2-1	TRBJ2-3	0.00162734
CASSITTGVLNTEAFF	TRBV19-1	TRBD2-1	TRBJ2-3	0.00162734
CASSKTGTGFQPQHF	TRBV19-1	TRBD1-1	TRBJ1-5	0.00162734
CASSKTGTNNYEQYF	TRBV19-1	TRBD1-1	TRBJ1-5	0.00162734
CASSLAGYNEQFF	TRBV5-1	TRBD2-1	TRBJ2-3	0.00162734
CASSLESGIGTGELFF	TRBV7-6	TRBD2-1	TRBJ1-4	0.00162734
CASSLEVSRFSETQYF	TRBV5-1	TRBD2-1	TRBJ2-2	0.00162734
CASSLGGRGANEKLFF	TRBV7-6	TRBD1-1	TRBJ2-7	0.00162734
CASSLRDITISSSYNEQFF	TRBV5-4	TRBD2-1	TRBJ1-1	0.00162734
CASSLRGQLNYGYTF	TRBV5-4	TRBD1-1	TRBJ2-1	0.00162734
CASSMEGFTEAFF	TRBV19-1	TRBD2-1	TRBJ1-1	0.00162734
CASSMGDSQNQPQHF	TRBV19-1	TRBD2-1	TRBJ1-1	0.00162734
CASSNDNQETQYF	TRBV19-1	TRBD1-1	TRBJ2-5	0.00162734
CASSNLAGGDNEQFF	TRBV19-1	TRBD1-1	TRBJ2-5	0.00162734
CASSPGNRGGGHQPQHF	TRBV7-8	TRBD1-1	TRBJ1-1	0.00162734
CASSQDGGSNEQFF	TRBV4-3	TRBD2-1	TRBJ2-1	0.00162734
CASSQDLQREGHPSEQYF	TRBV14-1	TRBD2-1	TRBJ2-3	0.00162734
CASSQDNTRSNNEKLFF	TRBV4-2	TRBD2-1	TRBJ2-7	0.00162734
CASSSDSLEAFF	TRBV7-9	TRBD1-1	TRBJ1-1	0.00162734
CASSSGGDYEQYF	TRBV28-1	TRBD1-1	TRBJ2-7	0.00162734
CASSSGLSNTEAFF	TRBV6-6	TRBD2-1	TRBJ1-1	0.00162734
CASSSLGFIEKLFF	TRBV6-6	TRBD2-1	TRBJ1-1	0.00162734
CASSSQGQGAETQYF	TRBV7-2	TRBD1-1	TRBJ2-5	0.00162734
CASSSQSKCTKSGNVLTF	TRBV7-2	TRBD1-1	TRBJ2-5	0.00162734
CASSSTDGRNTEAFF	TRBV23-1	TRBD2-1	TRBJ1-1	0.00162734
CASSVRTGNGEQYF	TRBV9-1	TRBD1-1	TRBJ2-7	0.00162734
CASSVSGRASDEQYF	TRBV9-1	TRBD1-1	TRBJ2-7	0.00162734
CASSYDSSTDTQYF	TRBV19-1	TRBD1-1	TRBJ2-3	0.00162734
CASSYFLSSSENTIYF	TRBV19-1	TRBD1-1	TRBJ2-3	0.00162734
CASSYPGGYEQYF	TRBV6-5	TRBD2-1	TRBJ2-1	0.00162734
CASSYPLGGGLGGANVLTF	TRBV7-8	TRBD2-1	TRBJ2-6	0.00162734
CASSYQETQYF	TRBV7-8	TRBD2-1	TRBJ2-6	0.00162734
CASSYTSGGTGELFF	TRBV6-5	TRBD2-1	TRBJ2-7	0.00162734
CASTLGLAGKTGETQYF	TRBV7-9	TRBD2-1	TRBJ2-5	0.00162734
CASTLRGTYGYTF	TRBV7-9	TRBD2-1	TRBJ2-5	0.00162734
CASTPYADRGQGYTF	TRBV19-1	TRBD1-1	TRBJ1-2	0.00162734
CASTREGSGKQFF	TRBV19-1	TRBD1-1	TRBJ1-2	0.00162734
CATNGGAGETQYF	TRBV19-1	TRBD2-1	TRBJ1-4	0.00162734
CATSSSPADTQYF	TRBV15-1	TRBD2-1	TRBJ2-3	0.00162734
CAWRSTSSSYEQYF	TRBV30-1	TRBD2-1	TRBJ2-3	0.00162734
CSVNRVRTEAFF	TRBV29-1	TRBD2-1	TRBJ2-5	0.00162734
CAINPRGGNTDTQYF	TRBV10-3	TRBD2-1	TRBJ2-3	0.0012205
CAISATDIMNTEAFF	TRBV10-3	TRBD2-1	TRBJ2-3	0.0012205
CAISESSGQPQHF	TRBV10-3	TRBD2-1	TRBJ1-5	0.0012205
CAISLQGYEQYF	TRBV10-3	TRBD2-1	TRBJ1-5	0.0012205
CAISVPSGEQYF	TRBV10-3	TRBD1-1	TRBJ2-5	0.0012205
CARIQRGGNQPQHF	TRBV5-6	TRBD2-1	TRBJ1-5	0.0012205
CASALSGFYEQYF	TRBV5-6	TRBD2-1	TRBJ1-5	0.0012205
CASGETSGSRYF	TRBV7-8	TRBD2-1	TRBJ2-3	0.0012205
CASGNWGDATYEQYF	TRBV12-5	TRBD2-1	TRBJ1-1	0.0012205
CASHPGSSYNEQFF	TRBV6-5	TRBD2-1	TRBJ2-1	0.0012205
CASIKGRGGGGYTF	TRBV6-5	TRBD2-1	TRBJ2-1	0.0012205
CASIQTGANTGELFF	TRBV28-1	TRBD2-1	TRBJ1-2	0.0012205
CASNPTVDQPQHF	TRBV19-1	TRBD1-1	TRBJ1-5	0.0012205
CASRAAEAEELFF	TRBV2-1	TRBD1-1	TRBJ2-5	0.0012205
CASRATGLEGFEQYF	TRBV6-5	TRBD2-1	TRBJ2-7	0.0012205
CASRPFGLAGGPWNEQFF	TRBV6-5	TRBD1-1	TRBJ2-5	0.0012205
CASRVTENYGYTF	TRBV5-4	TRBD1-1	TRBJ2-5	0.0012205
CASRVTSVNNEQFF	TRBV27-1	TRBD2-1	TRBJ2-1	0.0012205
CASSAEALEEKLFF	TRBV27-1	TRBD2-1	TRBJ2-1	0.0012205
CASSALAGIETQYF	TRBV19-1	TRBD2-1	TRBJ2-5	0.0012205
CASSARQGDTDTQYF	TRBV2-1	TRBD1-1	TRBJ1-2	0.0012205
CASSARTGLGEKLFF	TRBV9-1	TRBD1-1	TRBJ1-4	0.0012205
CASSATSEGEQFF	TRBV9-1	TRBD1-1	TRBJ1-4	0.0012205
CASSDNDVYEQYF	TRBV19-1	TRBD1-1	TRBJ2-7	0.0012205
CASSEALTGANQPQHF	TRBV6-4	TRBD1-1	TRBJ2-1	0.0012205
CASSEEPYGYTF	TRBV2-1	TRBD2-1	TRBJ1-2	0.0012205
CASSEGGALGEQYF	TRBV25-1	TRBD2-1	TRBJ2-7	0.0012205
CASSEGQGAETQYF	TRBV25-1	TRBD2-1	TRBJ2-7	0.0012205
CASSERPANGYTF	TRBV6-1	TRBD2-1	TRBJ1-2	0.0012205
CASSESAEPGELFF	TRBV6-1	TRBD2-1	TRBJ1-2	0.0012205
CASSESQGTQYF	TRBV10-1	TRBD1-1	TRBJ2-7	0.0012205
CASSESSGSPNEQFF	TRBV10-1	TRBD1-1	TRBJ2-7	0.0012205
CASSFRPGGNTGELFF	TRBV5-1	TRBD1-1	TRBJ2-2	0.0012205
CASSFSGRLSDIQYF	TRBV7-2	TRBD2-1	TRBJ2-4	0.0012205
CASSFTGSGPGELFF	TRBV7-8	TRBD2-1	TRBJ2-1	0.0012205
CASSFVEGQGTPEAFF	TRBV11-3	TRBD1-1	TRBJ1-1	0.0012205
CASSGADNQPQHF	TRBV11-3	TRBD1-1	TRBJ1-1	0.0012205
CASSHKTCTRGNQPQHF	TRBV4-1	TRBD2-1	TRBJ1-5	0.0012205
CASSHLGLAGGRFDEQFF	TRBV4-1	TRBD2-1	TRBJ1-5	0.0012205
CASSHTPYWTEAFF	TRBV13-1	TRBD1-1	TRBJ1-1	0.0012205
CASSHWDTQETQYF	TRBV4-1	TRBD2-1	TRBJ2-5	0.0012205
CASSIRRNTEAFF	TRBV19-1	TRBD2-1	TRBJ1-1	0.0012205
CASSISATGGNYGYTF	TRBV19-1	TRBD2-1	TRBJ1-1	0.0012205
CASSKGGGDGYTF	TRBV21-1	TRBD1-1	TRBJ2-2	0.0012205
CASSKQGSTDTQYF	TRBV2-1	TRBD1-1	TRBJ2-3	0.0012205
CASSKQVEQFF	TRBV2-1	TRBD1-1	TRBJ2-3	0.0012205
CASSLAGANEKLFF	TRBV5-1	TRBD1-1	TRBJ1-4	0.0012205
CASSLAGGGTGELFF	TRBV7-3	TRBD2-1	TRBJ2-2	0.0012205
CASSLDRDRFWGTDTQYF	TRBV7-2	TRBD1-1	TRBJ2-3	0.0012205
CASSLERGTSREQFF	TRBV11-3	TRBD2-1	TRBJ2-1	0.0012205
CASSLGGGSSGEQYF	TRBV7-6	TRBD1-1	TRBJ2-7	0.0012205
CASSLGHSGRKAYEQYF	TRBV11-2	TRBD2-1	TRBJ2-7	0.0012205
CASSLGLAAGELFF	TRBV11-2	TRBD2-1	TRBJ2-7	0.0012205
CASSLGLAGGFQRETQYF	TRBV7-2	TRBD2-1	TRBJ2-5	0.0012205
CASSLGLAGGRTDTQYF	TRBV7-2	TRBD2-1	TRBJ2-5	0.0012205
CASSLLDRAPAEQYF	TRBV5-8	TRBD1-1	TRBJ2-7	0.0012205
CASSLLPGSDNEQFF	TRBV5-8	TRBD1-1	TRBJ2-7	0.0012205
CASSLPGQVNTGELFF	TRBV7-2	TRBD1-1	TRBJ2-2	0.0012205
CASSLPPSGRFVDTQYF	TRBV7-2	TRBD1-1	TRBJ2-2	0.0012205
CASSLRAGGGTEAFF	TRBV5-4	TRBD2-1	TRBJ1-1	0.0012205
CASSLRSGRASYEQYF	TRBV18-1	TRBD2-1	TRBJ2-7	0.0012205
CASSLRTEITGYTF	TRBV18-1	TRBD2-1	TRBJ2-7	0.0012205
CASSLRVIQETQYF	TRBV11-3	TRBD2-1	TRBJ2-5	0.0012205
CASSLSEQYF	TRBV2-1	TRBD2-1	TRBJ2-7	0.0012205
CASSLSGRASDTQYF	TRBV2-1	TRBD2-1	TRBJ2-7	0.0012205
CASSLSTRPTEQYF	TRBV11-2	TRBD2-1	TRBJ2-7	0.0012205
CASSLYGRDVGEQYF	TRBV7-8	TRBD2-1	TRBJ2-7	0.0012205
CASSLYTGSRDEQYF	TRBV7-8	TRBD2-1	TRBJ2-7	0.0012205
CASSPASSGQAHPTTDTQYF	TRBV5-1	TRBD2-1	TRBJ2-7	0.0012205
CASSPDREQFF	TRBV5-5	TRBD1-1	TRBJ2-1	0.0012205
CASSPDRLNTEAFF	TRBV5-5	TRBD1-1	TRBJ2-1	0.0012205
CASSPETPYEQYF	TRBV5-1	TRBD1-1	TRBJ2-7	0.0012205
CASSPFTYRANTGELFF	TRBV5-1	TRBD1-1	TRBJ2-7	0.0012205
CASSPGELGDTQYF	TRBV2-1	TRBD2-1	TRBJ2-3	0.0012205
CASSPGFKVTDTQYF	TRBV2-1	TRBD2-1	TRBJ2-3	0.0012205
CASSPGLAGVEQYF	TRBV18-1	TRBD2-1	TRBJ2-7	0.0012205
CASSPGTGIIGYTF	TRBV18-1	TRBD1-1	TRBJ1-2	0.0012205
CASSPGTGYEQYF	TRBV18-1	TRBD1-1	TRBJ1-2	0.0012205
CASSPPGQGGASGYTF	TRBV27-1	TRBD1-1	TRBJ1-4	0.0012205
CASSPRHLSDTSSYNEQFF	TRBV6-6	TRBD1-1	TRBJ2-4	0.0012205
CASSPTGYYGYTF	TRBV7-9	TRBD1-1	TRBJ1-2	0.0012205
CASSPTTSGMYNEQFF	TRBV7-9	TRBD1-1	TRBJ1-2	0.0012205
CASSQDPHYFQSYEQYF	TRBV4-2	TRBD1-1	TRBJ1-4	0.0012205
CASSQGQGETQYF	TRBV4-3	TRBD1-1	TRBJ2-5	0.0012205
CASSQGQGVGYTF	TRBV4-3	TRBD1-1	TRBJ2-5	0.0012205
CASSQQDEQFF	TRBV5-4	TRBD1-1	TRBJ2-1	0.0012205
CASSQQGADTQYF	TRBV5-4	TRBD1-1	TRBJ2-1	0.0012205
CASSREGGFTDTQYF	TRBV11-1	TRBD1-1	TRBJ2-6	0.0012205
CASSRETSGSVSTFGETQYF	TRBV19-1	TRBD1-1	TRBJ1-5	0.0012205
CASSRLLASTYNEQFF	TRBV7-8	TRBD2-1	TRBJ2-1	0.0012205
CASSRQATSTDTQYF	TRBV28-1	TRBD1-1	TRBJ2-3	0.0012205
CASSRQGPSSYEQYF	TRBV28-1	TRBD1-1	TRBJ2-3	0.0012205
CASSSAQGYSREQYF	TRBV19-1	TRBD1-1	TRBJ2-7	0.0012205
CASSSATGLYGYTF	TRBV19-1	TRBD1-1	TRBJ2-7	0.0012205
CASSSGLAGAVEQFF	TRBV10-2	TRBD2-1	TRBJ2-7	0.0012205
CASSSRGPRLAASYNEQFF	TRBV11-3	TRBD2-1	TRBJ2-1	0.0012205
CASSSRLAGVNIQYF	TRBV11-3	TRBD2-1	TRBJ2-1	0.0012205
CASSTAGVGGYTF	TRBV11-3	TRBD1-1	TRBJ2-7	0.0012205
CASSTDPGLAITGELFF	TRBV19-1	TRBD2-1	TRBJ2-2	0.0012205
CASSTDSDVGYNEQFF	TRBV19-1	TRBD2-1	TRBJ2-2	0.0012205
CASSVDLQGVWSEAFF	TRBV9-1	TRBD2-1	TRBJ2-1	0.0012205
CASSVGEGPYEQYF	TRBV19-1	TRBD1-1	TRBJ1-1	0.0012205
CASSVSGRVTDTQYF	TRBV2-1	TRBD2-1	TRBJ2-3	0.0012205
CASSVTGVEAFF	TRBV2-1	TRBD2-1	TRBJ2-3	0.0012205
CASSWAPVYGYTF	TRBV5-1	TRBD1-1	TRBJ1-2	0.0012205
CASSWGLAGVGDEQYF	TRBV5-1	TRBD1-1	TRBJ1-2	0.0012205
CASSYITGEGEQYF	TRBV6-5	TRBD1-1	TRBJ2-7	0.0012205
CASSYRSGGSGNTIYF	TRBV6-5	TRBD2-1	TRBJ2-1	0.0012205
CATLPSAGQPNEKLFF	TRBV19-1	TRBD2-1	TRBJ1-4	0.0012205
CATQASGQETQYF	TRBV19-1	TRBD2-1	TRBJ2-5	0.0012205
CATSPRGQKNEQYF	TRBV15-1	TRBD1-1	TRBJ2-7	0.0012205
CATSPTGYNQPQHF	TRBV15-1	TRBD1-1	TRBJ2-7	0.0012205
CAWGLAGEAYNEQFF	TRBV30-1	TRBD2-1	TRBJ2-1	0.0012205
CAWREGQYYGYTF	TRBV30-1	TRBD1-1	TRBJ1-2	0.0012205
CAWSARTGGNNIQYF	TRBV30-1	TRBD1-1	TRBJ2-4	0.0012205
CAWSGASRGLVSYEQYF	TRBV30-1	TRBD2-1	TRBJ1-4	0.0012205
CAWSVGLAIDTQYF	TRBV30-1	TRBD2-1	TRBJ2-3	0.0012205
CSVDGGRRTQYF	TRBV29-1	TRBD2-1	TRBJ2-3	0.0012205
CSVEEGTSGTGELFF	TRBV29-1	TRBD2-1	TRBJ2-3	0.0012205
CSVPWGPAKNIQYF	TRBV29-1	TRBD1-1	TRBJ1-1	0.0012205
CSVRDRGIEQYF	TRBV29-1	TRBD1-1	TRBJ2-7	0.0012205
CAINPRGGNTDTQYF	TRBV10-3	TRBD2-1	TRBJ2-3	0.0012205
CAISATDIMNTEAFF	TRBV10-3	TRBD2-1	TRBJ2-3	0.0012205
CAISESSGQPQHF	TRBV10-3	TRBD2-1	TRBJ1-5	0.0012205
CAISLQGYEQYF	TRBV10-3	TRBD2-1	TRBJ1-5	0.0012205
CAISVPSGEQYF	TRBV10-3	TRBD1-1	TRBJ2-5	0.0012205
CARIQRGGNQPQHF	TRBV5-6	TRBD2-1	TRBJ1-5	0.0012205
CASALSGFYEQYF	TRBV5-6	TRBD2-1	TRBJ1-5	0.0012205
CASGETSGSRYF	TRBV7-8	TRBD2-1	TRBJ2-3	0.0012205
CASGNWGDATYEQYF	TRBV12-5	TRBD2-1	TRBJ1-1	0.0012205
CASHPGSSYNEQFF	TRBV6-5	TRBD2-1	TRBJ2-1	0.0012205
CASIKGRGGGGYTF	TRBV6-5	TRBD2-1	TRBJ2-1	0.0012205
CASIQTGANTGELFF	TRBV28-1	TRBD2-1	TRBJ1-2	0.0012205
CASNPTVDQPQHF	TRBV19-1	TRBD1-1	TRBJ1-5	0.0012205
CASRAAEAEELFF	TRBV2-1	TRBD1-1	TRBJ2-5	0.0012205
CASRATGLEGFEQYF	TRBV6-5	TRBD2-1	TRBJ2-7	0.0012205
CASRPFGLAGGPWNEQFF	TRBV6-5	TRBD1-1	TRBJ2-5	0.0012205
CASRVTENYGYTF	TRBV5-4	TRBD1-1	TRBJ2-5	0.0012205
CASRVTSVNNEQFF	TRBV27-1	TRBD2-1	TRBJ2-1	0.0012205
CASSAEALEEKLFF	TRBV27-1	TRBD2-1	TRBJ2-1	0.0012205
CASSALAGIETQYF	TRBV19-1	TRBD2-1	TRBJ2-5	0.0012205
CASSARQGDTDTQYF	TRBV2-1	TRBD1-1	TRBJ1-2	0.0012205
CASSARTGLGEKLFF	TRBV9-1	TRBD1-1	TRBJ1-4	0.0012205
CASSATSEGEQFF	TRBV9-1	TRBD1-1	TRBJ1-4	0.0012205
CASSDNDVYEQYF	TRBV19-1	TRBD1-1	TRBJ2-7	0.0012205
CASSEALTGANQPQHF	TRBV6-4	TRBD1-1	TRBJ2-1	0.0012205
CASSEEPYGYTF	TRBV2-1	TRBD2-1	TRBJ1-2	0.0012205
CASSEGGALGEQYF	TRBV25-1	TRBD2-1	TRBJ2-7	0.0012205
CASSEGQGAETQYF	TRBV25-1	TRBD2-1	TRBJ2-7	0.0012205
CASSERPANGYTF	TRBV6-1	TRBD2-1	TRBJ1-2	0.0012205
CASSESAEPGELFF	TRBV6-1	TRBD2-1	TRBJ1-2	0.0012205
CASSESQGTQYF	TRBV10-1	TRBD1-1	TRBJ2-7	0.0012205
CASSESSGSPNEQFF	TRBV10-1	TRBD1-1	TRBJ2-7	0.0012205
CASSFRPGGNTGELFF	TRBV5-1	TRBD1-1	TRBJ2-2	0.0012205
CASSFSGRLSDIQYF	TRBV7-2	TRBD2-1	TRBJ2-4	0.0012205
CASSFTGSGPGELFF	TRBV7-8	TRBD2-1	TRBJ2-1	0.0012205
CASSFVEGQGTPEAFF	TRBV11-3	TRBD1-1	TRBJ1-1	0.0012205
CASSGADNQPQHF	TRBV11-3	TRBD1-1	TRBJ1-1	0.0012205
CASSHKTCTRGNQPQHF	TRBV4-1	TRBD2-1	TRBJ1-5	0.0012205
CASSHLGLAGGRFDEQFF	TRBV4-1	TRBD2-1	TRBJ1-5	0.0012205
CASSHTPYWTEAFF	TRBV13-1	TRBD1-1	TRBJ1-1	0.0012205
CASSHWDTQETQYF	TRBV4-1	TRBD2-1	TRBJ2-5	0.0012205
CASSIRRNTEAFF	TRBV19-1	TRBD2-1	TRBJ1-1	0.0012205
CASSISATGGNYGYTF	TRBV19-1	TRBD2-1	TRBJ1-1	0.0012205
CASSKGGGDGYTF	TRBV21-1	TRBD1-1	TRBJ2-2	0.0012205
CASSKQGSTDTQYF	TRBV2-1	TRBD1-1	TRBJ2-3	0.0012205
CASSKQVEQFF	TRBV2-1	TRBD1-1	TRBJ2-3	0.0012205
CASSLAGANEKLFF	TRBV5-1	TRBD1-1	TRBJ1-4	0.0012205
CASSLAGGGTGELFF	TRBV7-3	TRBD2-1	TRBJ2-2	0.0012205
CASSLDRDRFWGTDTQYF	TRBV7-2	TRBD1-1	TRBJ2-3	0.0012205
CASSLERGTSREQFF	TRBV11-3	TRBD2-1	TRBJ2-1	0.0012205
CASSLGGGSSGEQYF	TRBV7-6	TRBD1-1	TRBJ2-7	0.0012205
CASSLGHSGRKAYEQYF	TRBV11-2	TRBD2-1	TRBJ2-7	0.0012205
CASSLGLAAGELFF	TRBV11-2	TRBD2-1	TRBJ2-7	0.0012205
CASSLGLAGGFQRETQYF	TRBV7-2	TRBD2-1	TRBJ2-5	0.0012205
CASSLGLAGGRTDTQYF	TRBV7-2	TRBD2-1	TRBJ2-5	0.0012205
CASSLLDRAPAEQYF	TRBV5-8	TRBD1-1	TRBJ2-7	0.0012205
CASSLLPGSDNEQFF	TRBV5-8	TRBD1-1	TRBJ2-7	0.0012205
CASSLPGQVNTGELFF	TRBV7-2	TRBD1-1	TRBJ2-2	0.0012205
CASSLPPSGRFVDTQYF	TRBV7-2	TRBD1-1	TRBJ2-2	0.0012205
CASSLRAGGGTEAFF	TRBV5-4	TRBD2-1	TRBJ1-1	0.0012205
CASSLRSGRASYEQYF	TRBV18-1	TRBD2-1	TRBJ2-7	0.0012205
CASSLRTEITGYTF	TRBV18-1	TRBD2-1	TRBJ2-7	0.0012205
CASSLRVIQETQYF	TRBV11-3	TRBD2-1	TRBJ2-5	0.0012205
CASSLSEQYF	TRBV2-1	TRBD2-1	TRBJ2-7	0.0012205
CASSLSGRASDTQYF	TRBV2-1	TRBD2-1	TRBJ2-7	0.0012205
CASSLSTRPTEQYF	TRBV11-2	TRBD2-1	TRBJ2-7	0.0012205
CASSLYGRDVGEQYF	TRBV7-8	TRBD2-1	TRBJ2-7	0.0012205
CASSLYTGSRDEQYF	TRBV7-8	TRBD2-1	TRBJ2-7	0.0012205
CASSPASSGQAHPTTDTQYF	TRBV5-1	TRBD2-1	TRBJ2-7	0.0012205
CASSPDREQFF	TRBV5-5	TRBD1-1	TRBJ2-1	0.0012205
CASSPDRLNTEAFF	TRBV5-5	TRBD1-1	TRBJ2-1	0.0012205
CASSPETPYEQYF	TRBV5-1	TRBD1-1	TRBJ2-7	0.0012205
CASSPFTYRANTGELFF	TRBV5-1	TRBD1-1	TRBJ2-7	0.0012205
CASSPGELGDTQYF	TRBV2-1	TRBD2-1	TRBJ2-3	0.0012205
CASSPGFKVTDTQYF	TRBV2-1	TRBD2-1	TRBJ2-3	0.0012205
CASSPGLAGVEQYF	TRBV18-1	TRBD2-1	TRBJ2-7	0.0012205
CASSPGTGIIGYTF	TRBV18-1	TRBD1-1	TRBJ1-2	0.0012205
CASSPGTGYEQYF	TRBV18-1	TRBD1-1	TRBJ1-2	0.0012205
CASSPPGQGGASGYTF	TRBV27-1	TRBD1-1	TRBJ1-4	0.0012205
CASSPRHLSDTSSYNEQFF	TRBV6-6	TRBD1-1	TRBJ2-4	0.0012205
CASSPTGYYGYTF	TRBV7-9	TRBD1-1	TRBJ1-2	0.0012205
CASSPTTSGMYNEQFF	TRBV7-9	TRBD1-1	TRBJ1-2	0.0012205
CASSQDPHYFQSYEQYF	TRBV4-2	TRBD1-1	TRBJ1-4	0.0012205
CASSQGQGETQYF	TRBV4-3	TRBD1-1	TRBJ2-5	0.0012205
CASSQGQGVGYTF	TRBV4-3	TRBD1-1	TRBJ2-5	0.0012205
CASSQQDEQFF	TRBV5-4	TRBD1-1	TRBJ2-1	0.0012205
CASSQQGADTQYF	TRBV5-4	TRBD1-1	TRBJ2-1	0.0012205
CASSREGGFTDTQYF	TRBV11-1	TRBD1-1	TRBJ2-6	0.0012205
CASSRETSGSVSTFGETQYF	TRBV19-1	TRBD1-1	TRBJ1-5	0.0012205
CASSRLLASTYNEQFF	TRBV7-8	TRBD2-1	TRBJ2-1	0.0012205
CASSRQATSTDTQYF	TRBV28-1	TRBD1-1	TRBJ2-3	0.0012205
CASSRQGPSSYEQYF	TRBV28-1	TRBD1-1	TRBJ2-3	0.0012205
CASSSAQGYSREQYF	TRBV19-1	TRBD1-1	TRBJ2-7	0.0012205
CASSSATGLYGYTF	TRBV19-1	TRBD1-1	TRBJ2-7	0.0012205
CASSSGLAGAVEQFF	TRBV10-2	TRBD2-1	TRBJ2-7	0.0012205
CASSSRGPRLAASYNEQFF	TRBV11-3	TRBD2-1	TRBJ2-1	0.0012205
CASSSRLAGVNIQYF	TRBV11-3	TRBD2-1	TRBJ2-1	0.0012205
CASSTAGVGGYTF	TRBV11-3	TRBD1-1	TRBJ2-7	0.0012205
CASSTDPGLAITGELFF	TRBV19-1	TRBD2-1	TRBJ2-2	0.0012205
CASSTDSDVGYNEQFF	TRBV19-1	TRBD2-1	TRBJ2-2	0.0012205
CASSVDLQGVWSEAFF	TRBV9-1	TRBD2-1	TRBJ2-1	0.0012205
CASSVGEGPYEQYF	TRBV19-1	TRBD1-1	TRBJ1-1	0.0012205
CASSVSGRVTDTQYF	TRBV2-1	TRBD2-1	TRBJ2-3	0.0012205
CASSVTGVEAFF	TRBV2-1	TRBD2-1	TRBJ2-3	0.0012205
CASSWAPVYGYTF	TRBV5-1	TRBD1-1	TRBJ1-2	0.0012205
CASSWGLAGVGDEQYF	TRBV5-1	TRBD1-1	TRBJ1-2	0.0012205
CASSYITGEGEQYF	TRBV6-5	TRBD1-1	TRBJ2-7	0.0012205
CASSYRSGGSGNTIYF	TRBV6-5	TRBD2-1	TRBJ2-1	0.0012205
CATLPSAGQPNEKLFF	TRBV19-1	TRBD2-1	TRBJ1-4	0.0012205
CATQASGQETQYF	TRBV19-1	TRBD2-1	TRBJ2-5	0.0012205
CATSPRGQKNEQYF	TRBV15-1	TRBD1-1	TRBJ2-7	0.0012205
CATSPTGYNQPQHF	TRBV15-1	TRBD1-1	TRBJ2-7	0.0012205
CAWGLAGEAYNEQFF	TRBV30-1	TRBD2-1	TRBJ2-1	0.0012205
CAWREGQYYGYTF	TRBV30-1	TRBD1-1	TRBJ1-2	0.0012205
CAWSARTGGNNIQYF	TRBV30-1	TRBD1-1	TRBJ2-4	0.0012205
CAWSGASRGLVSYEQYF	TRBV30-1	TRBD2-1	TRBJ1-4	0.0012205
CAWSVGLAIDTQYF	TRBV30-1	TRBD2-1	TRBJ2-3	0.0012205
CSVDGGRRTQYF	TRBV29-1	TRBD2-1	TRBJ2-3	0.0012205
CSVEEGTSGTGELFF	TRBV29-1	TRBD2-1	TRBJ2-3	0.0012205
CSVPWGPAKNIQYF	TRBV29-1	TRBD1-1	TRBJ1-1	0.0012205
CSVRDRGIEQYF	TRBV29-1	TRBD1-1	TRBJ2-7	0.0012205
CACGYRSSGNTIYF	TRBV27-1	TRBD1-1	TRBJ1-1	0.00081367
CACTPQGFGETQYF	TRBV30-1	TRBD1-1	TRBJ1-3	0.00081367
CAGEGPPDDEQFF	TRBV30-1	TRBD1-1	TRBJ2-5	0.00081367
CAGELGGEQFF	TRBV6-1	TRBD2-1	TRBJ2-1	0.00081367
CAHMKTGLGEQYF	TRBV2-1	TRBD2-1	TRBJ2-1	0.00081367
CAISDNRGRSDTQYF	TRBV10-3	TRBD1-1	TRBJ1-1	0.00081367
CAISEIMKRDSYGYTF	TRBV10-3	TRBD1-1	TRBJ2-3	0.00081367
CAISENRDGYIF	TRBV10-3	TRBD1-1	TRBJ1-2	0.00081367
CAISENRDGYTF	TRBV10-3	TRBD1-1	TRBJ1-2	0.00081367
CAISERGGGDEQYF	TRBV10-3	TRBD1-1	TRBJ1-2	0.00081367
CAISNNPRGDYGYTF	TRBV10-3	TRBD1-1	TRBJ2-7	0.00081367
CAITGTQGGEQYF	TRBV10-3	TRBD2-1	TRBJ2-7	0.00081367
CANSPGMYTEAFF	TRBV10-3	TRBD1-1	TRBJ2-7	0.00081367
CASAPAAGNQETQYF	TRBV7-2	TRBD2-1	TRBJ2-7	0.00081367
CASDNRGNTEAFF	TRBV7-3	TRBD2-1	TRBJ2-5	0.00081367
CASEKGQLTGELFF	TRBV19-1	TRBD1-1	TRBJ1-1	0.00081367
CASETGALQETQYF	TRBV12-5	TRBD1-1	TRBJ2-2	0.00081367
CASGEEGRGETQYF	TRBV5-5	TRBD1-1	TRBJ2-5	0.00081367
CASGRGTGGFEQYF	TRBV10-2	TRBD2-1	TRBJ2-7	0.00081367
CASGRGTGGYEQYF	TRBV27-1	TRBD1-1	TRBJ2-7	0.00081367
CASGTRRGLNYGYTF	TRBV6-6	TRBD2-1	TRBJ2-7	0.00081367
CASIKGRGVGGYTF	TRBV28-1	TRBD2-1	TRBJ1-2	0.00081367
CASKMGGETDTQYF	TRBV11-2	TRBD1-1	TRBJ2-2	0.00081367
CASKRQGSTDTQYF	TRBV5-1	TRBD2-1	TRBJ2-3	0.00081367
CASKSGSSYNEQFF	TRBV27-1	TRBD1-1	TRBJ2-3	0.00081367
CASLGEVGKKLFF	TRBV28-1	TRBD2-1	TRBJ2-1	0.00081367
CASLRTESSGNTIYF	TRBV6-4	TRBD2-1	TRBJ1-4	0.00081367
CASMEQGAMDEQFF	TRBV6-4	TRBD1-1	TRBJ1-3	0.00081367
CASMRQVSSGNTIYF	TRBV7-9	TRBD2-1	TRBJ1-4	0.00081367
CASMTGNQPQHF	TRBV19-1	TRBD1-1	TRBJ1-3	0.00081367
CASNAGPEETQYF	TRBV27-1	TRBD2-1	TRBJ1-5	0.00081367
CASNGQGPSQPQHF	TRBV19-1	TRBD2-1	TRBJ2-5	0.00081367
CASNGQGRLDTQYF	TRBV28-1	TRBD1-1	TRBJ1-5	0.00081367
CASRAGQGWNTGELFF	TRBV6-1	TRBD2-1	TRBJ2-2	0.00081367
CASRESGQESYEQYF	TRBV2-1	TRBD1-1	TRBJ2-5	0.00081367
CASRESSDRAGPEAFF	TRBV6-5	TRBD2-1	TRBJ2-7	0.00081367
CASRETVALSYNEQFF	TRBV28-1	TRBD1-1	TRBJ1-1	0.00081367
CASRGLSDRDTGELFF	TRBV6-6	TRBD1-1	TRBJ2-1	0.00081367
CASRGQESYEQYF	TRBV28-1	TRBD1-1	TRBJ2-2	0.00081367
CASRGQNKETQYF	TRBV7-9	TRBD1-1	TRBJ2-7	0.00081367
CASRGQTTEAFF	TRBV6-1	TRBD1-1	TRBJ2-5	0.00081367
CASRGRGIYEQYF	TRBV7-2	TRBD1-1	TRBJ1-1	0.00081367
CASRLDGSIDTQYF	TRBV28-1	TRBD1-1	TRBJ2-2	0.00081367
CASRLDGSINTQYF	TRBV5-1	TRBD2-1	TRBJ2-3	0.00081367
CASRLPGAWETQYF	TRBV6-5	TRBD2-1	TRBJ2-7	0.00081367
CASRPLAAQYNEQFF	TRBV27-1	TRBD2-1	TRBJ2-1	0.00081367
CASRPTGGETQYF	TRBV11-2	TRBD2-1	TRBJ2-1	0.00081367
CASRQPGQSYEQYF	TRBV27-1	TRBD1-1	TRBJ1-4	0.00081367
CASRREAVTQKGYTF	TRBV6-1	TRBD1-1	TRBJ2-7	0.00081367
CASRRLADSNNEQFF	TRBV6-6	TRBD2-1	TRBJ1-2	0.00081367
CASSARTAEAFF	TRBV6-4	TRBD1-1	TRBJ2-3	0.00081367
CASSARTGLAATDTQYF	TRBV5-4	TRBD1-1	TRBJ1-1	0.00081367
CASSDETGSGANVLTF	TRBV27-1	TRBD2-1	TRBJ2-1	0.00081367
CASSDGGALGEQYF	TRBV6-4	TRBD1-1	TRBJ2-6	0.00081367
CASSEGDRVNTEAFF	TRBV6-1	TRBD2-1	TRBJ2-3	0.00081367
CASSEGEAADTQYF	TRBV25-1	TRBD1-1	TRBJ1-1	0.00081367
CASSEGVNTEAFF	TRBV6-4	TRBD1-1	TRBJ2-5	0.00081367
CASSELWRGGYTF	TRBV19-1	TRBD1-1	TRBJ1-1	0.00081367
CASSERGGGRSREKLFF	TRBV6-1	TRBD2-1	TRBJ1-2	0.00081367
CASSERGQGFQPQHF	TRBV7-8	TRBD2-1	TRBJ1-4	0.00081367
CASSESGTSIHEQYF	TRBV10-2	TRBD2-1	TRBJ2-2	0.00081367
CASSESIGTSGSEETQYF	TRBV10-2	TRBD2-1	TRBJ2-7	0.00081367
CASSESPGTRATEAFF	TRBV10-1	TRBD2-1	TRBJ2-5	0.00081367
CASSESVRGTKFF	TRBV6-4	TRBD2-1	TRBJ2-1	0.00081367
CASSESVTGELFF	TRBV10-2	TRBD1-1	TRBJ2-1	0.00081367
CASSETARGYEQYF	TRBV25-1	TRBD2-1	TRBJ2-2	0.00081367
CASSEVGQGLSYEQYF	TRBV18-1	TRBD2-1	TRBJ2-7	0.00081367
CASSFDQVRGNQPQHF	TRBV25-1	TRBD2-1	TRBJ2-3	0.00081367
CASSFPQGPSSYEQYF	TRBV6-6	TRBD1-1	TRBJ2-7	0.00081367
CASSFPSQETQYF	TRBV12-1	TRBD1-1	TRBJ2-7	0.00081367
CASSGGQGLWLTQYF	TRBV7-9	TRBD1-1	TRBJ2-6	0.00081367
CASSGLVYEQYF	TRBV19-1	TRBD2-1	TRBJ2-3	0.00081367
CASSGPGQRTQETQYF	TRBV6-1	TRBD2-1	TRBJ2-7	0.00081367
CASSGPQGREKLFF	TRBV27-1	TRBD1-1	TRBJ2-5	0.00081367
CASSGQGALETQYF	TRBV28-1	TRBD1-1	TRBJ1-4	0.00081367
CASSGSGRASDEQFF	TRBV6-5	TRBD1-1	TRBJ2-5	0.00081367
CASSGTSGSTDTQYF	TRBV28-1	TRBD2-1	TRBJ2-2	0.00081367
CASSGVGGPTGAQYF	TRBV6-1	TRBD2-1	TRBJ2-3	0.00081367
CASSHENPGQANEKLFF	TRBV7-8	TRBD2-1	TRBJ2-5	0.00081367
CASSHGLDGGQPQHF	TRBV4-1	TRBD1-1	TRBJ1-4	0.00081367
CASSHKQGPGELFF	TRBV4-3	TRBD2-1	TRBJ1-5	0.00081367
CASSHLTGAPGGELFF	TRBV4-1	TRBD2-1	TRBJ2-1	0.00081367
CASSHMGTSGRYNEQFF	TRBV7-6	TRBD1-1	TRBJ2-2	0.00081367
CASSHTIDNEQFF	TRBV28-1	TRBD2-1	TRBJ2-1	0.00081367
CASSIDAGQPEQPQHF	TRBV11-3	TRBD1-1	TRBJ2-5	0.00081367
CASSIDPGTLSNTGELFF	TRBV19-1	TRBD1-1	TRBJ1-5	0.00081367
CASSIGAAQETQYF	TRBV19-1	TRBD2-1	TRBJ2-2	0.00081367
CASSIGDSSNQPQHF	TRBV19-1	TRBD2-1	TRBJ2-5	0.00081367
CASSIMSSTGELFF	TRBV19-1	TRBD2-1	TRBJ1-1	0.00081367
CASSIPVIVGTIGYNEQFF	TRBV19-1	TRBD2-1	TRBJ2-2	0.00081367
CASSIQQGLNTEAFF	TRBV19-1	TRBD2-1	TRBJ2-1	0.00081367
CASSIRAFGQGTSSYEQYF	TRBV19-1	TRBD1-1	TRBJ1-1	0.00081367
CASSLAAGRERNIQYF	TRBV6-5	TRBD1-1	TRBJ2-7	0.00081367
CASSLALEGAKQYF	TRBV5-1	TRBD2-1	TRBJ2-1	0.00081367
CASSLAPSLREQYF	TRBV5-1	TRBD1-1	TRBJ2-7	0.00081367
CASSLARSREQYF	TRBV11-2	TRBD2-1	TRBJ2-7	0.00081367
CASSLATGGEKLFF	TRBV7-8	TRBD1-1	TRBJ2-7	0.00081367
CASSLAWAGGPSEQYF	TRBV11-2	TRBD1-1	TRBJ1-4	0.00081367
CASSLDFRREGNQPQHF	TRBV7-2	TRBD2-1	TRBJ2-7	0.00081367
CASSLDGLFTDTQYF	TRBV5-1	TRBD2-1	TRBJ1-5	0.00081367
CASSLDHRASDEQFF	TRBV7-2	TRBD2-1	TRBJ2-3	0.00081367
CASSLDIQPTDTQYF	TRBV11-3	TRBD1-1	TRBJ2-1	0.00081367
CASSLDPSGSSSGELFF	TRBV11-2	TRBD1-1	TRBJ2-3	0.00081367
CASSLEGGAVSYEQYF	TRBV27-1	TRBD1-1	TRBJ2-1	0.00081367
CASSLEQGYNEQFF	TRBV7-2	TRBD2-1	TRBJ2-2	0.00081367
CASSLEQSSYNEQFF	TRBV7-9	TRBD1-1	TRBJ2-1	0.00081367
CASSLFDYTGELFF	TRBV28-1	TRBD2-1	TRBJ2-5	0.00081367
CASSLGAGGPLSGANVLTF	TRBV5-1	TRBD2-1	TRBJ2-2	0.00081367
CASSLGDIEQYF	TRBV11-3	TRBD2-1	TRBJ2-6	0.00081367
CASSLGGAGEAFF	TRBV7-9	TRBD1-1	TRBJ2-7	0.00081367
CASSLGGGLNEQFF	TRBV28-1	TRBD2-1	TRBJ1-1	0.00081367
CASSLGGGQETQYF	TRBV5-8	TRBD2-1	TRBJ2-1	0.00081367
CASSLGLASTDTQYF	TRBV5-1	TRBD2-1	TRBJ2-3	0.00081367
CASSLGLTVYNEQFF	TRBV5-5	TRBD2-1	TRBJ2-3	0.00081367
CASSLGQGNEQFF	TRBV5-6	TRBD2-1	TRBJ2-1	0.00081367
CASSLGQGTYGYTF	TRBV11-2	TRBD1-1	TRBJ2-1	0.00081367
CASSLGREIGRTYEQYF	TRBV5-1	TRBD1-1	TRBJ1-2	0.00081367
CASSLGRMNTEAFF	TRBV5-1	TRBD2-1	TRBJ2-7	0.00081367
CASSLGSPSGANVLTF	TRBV11-2	TRBD2-1	TRBJ2-7	0.00081367
CASSLGTGYGYTF	TRBV28-1	TRBD1-1	TRBJ2-6	0.00081367
CASSLGWREGLNEQYF	TRBV7-9	TRBD1-1	TRBJ1-2	0.00081367
CASSLHSYNEQFF	TRBV7-9	TRBD2-1	TRBJ2-7	0.00081367
CASSLIAEVLSGNEQFF	TRBV5-1	TRBD1-1	TRBJ2-1	0.00081367
CASSLIAGSRGRLEQFF	TRBV28-1	TRBD2-1	TRBJ2-1	0.00081367
CASSLIEIGQTQYF	TRBV5-6	TRBD2-1	TRBJ2-1	0.00081367
CASSLIFDERGYEQYF	TRBV5-6	TRBD2-1	TRBJ2-5	0.00081367
CASSLIPGGASVEQYF	TRBV5-1	TRBD2-1	TRBJ2-7	0.00081367
CASSLIRGLGGNTIYF	TRBV6-5	TRBD1-1	TRBJ2-7	0.00081367
CASSLLREGEQFF	TRBV28-1	TRBD1-1	TRBJ2-1	0.00081367
CASSLLTPEGERQFF	TRBV7-3	TRBD2-1	TRBJ2-1	0.00081367
CASSLLWWRSNYGYTF	TRBV19-1	TRBD1-1	TRBJ2-1	0.00081367
CASSLQGNTEAFF	TRBV18-1	TRBD2-1	TRBJ2-3	0.00081367
CASSLRQGYTGELFF	TRBV5-1	TRBD1-1	TRBJ1-2	0.00081367
CASSLRTGSTEKLFF	TRBV6-5	TRBD1-1	TRBJ1-2	0.00081367
CASSLSAGRKTQYF	TRBV19-1	TRBD2-1	TRBJ1-2	0.00081367
CASSLSASGRIEQYF	TRBV5-6	TRBD1-1	TRBJ2-5	0.00081367
CASSLSDRWNTGELFF	TRBV7-8	TRBD2-1	TRBJ2-7	0.00081367
CASSLSSQGPNYGYTF	TRBV5-4	TRBD2-1	TRBJ2-3	0.00081367
CASSLTGLESNVLTF	TRBV28-1	TRBD1-1	TRBJ2-5	0.00081367
CASSLTGVGGLDEETQYF	TRBV7-6	TRBD1-1	TRBJ2-6	0.00081367
CASSLTPGQRNQPQHF	TRBV5-4	TRBD2-1	TRBJ2-5	0.00081367
CASSLTSGRDTGELFF	TRBV27-1	TRBD1-1	TRBJ1-5	0.00081367
CASSLVYYTDTQYF	TRBV5-1	TRBD1-1	TRBJ2-2	0.00081367
CASSLWDRDNEQFF	TRBV5-5	TRBD2-1	TRBJ2-3	0.00081367
CASSLWQRSYEQYF	TRBV11-3	TRBD1-1	TRBJ2-1	0.00081367
CASSLWSSPGTEAFF	TRBV27-1	TRBD2-1	TRBJ2-7	0.00081367
CASSMGIRFQPQHF	TRBV19-1	TRBD1-1	TRBJ1-5	0.00081367
CASSMIISIAGGTNEQFF	TRBV19-1	TRBD1-1	TRBJ1-5	0.00081367
CASSMSGGGTSFYEQYF	TRBV19-1	TRBD2-1	TRBJ2-1	0.00081367
CASSPDPAGGYNEQFF	TRBV13-1	TRBD2-1	TRBJ2-3	0.00081367
CASSPEGQETQYF	TRBV5-1	TRBD1-1	TRBJ1-1	0.00081367
CASSPEGQGTGGYTF	TRBV2-1	TRBD2-1	TRBJ2-5	0.00081367
CASSPETGRHGYTF	TRBV7-2	TRBD1-1	TRBJ1-2	0.00081367
CASSPGFNRGETQYF	TRBV14-1	TRBD2-1	TRBJ2-3	0.00081367
CASSPGGITEAFF	TRBV5-1	TRBD1-1	TRBJ2-5	0.00081367
CASSPGGRHEKLFF	TRBV11-1	TRBD2-1	TRBJ1-1	0.00081367
CASSPGQSYYEQYF	TRBV27-1	TRBD1-1	TRBJ1-5	0.00081367
CASSPGRGGVGTNTEAFF	TRBV7-9	TRBD1-1	TRBJ2-7	0.00081367
CASSPIAGDLTVSHSGNTIYF	TRBV4-1	TRBD1-1	TRBJ2-7	0.00081367
CASSPLGGNYEQYF	TRBV28-1	TRBD2-1	TRBJ1-3	0.00081367
CASSPMTGGIYEQYF	TRBV6-5	TRBD2-1	TRBJ2-7	0.00081367
CASSPNDSGEQFF	TRBV5-6	TRBD1-1	TRBJ2-7	0.00081367
CASSPNVGQGQETQYF	TRBV13-1	TRBD2-1	TRBJ2-1	0.00081367
CASSPPDRGLYNEQFF	TRBV7-8	TRBD1-1	TRBJ2-5	0.00081367
CASSPPFLEGNEQFF	TRBV18-1	TRBD1-1	TRBJ2-1	0.00081367
CASSPPGLEGNEQFF	TRBV18-1	TRBD2-1	TRBJ2-1	0.00081367
CASSPPGPETQYF	TRBV18-1	TRBD2-1	TRBJ2-1	0.00081367
CASSPPGQAATNEKLFF	TRBV18-1	TRBD1-1	TRBJ2-5	0.00081367
CASSPPRDRTYEQYF	TRBV28-1	TRBD1-1	TRBJ2-7	0.00081367
CASSPPRVRESTDTQYF	TRBV7-8	TRBD1-1	TRBJ2-7	0.00081367
CASSPPTSGLYNEQFF	TRBV28-1	TRBD1-1	TRBJ2-3	0.00081367
CASSPRDRAYNEQFF	TRBV5-6	TRBD1-1	TRBJ2-3	0.00081367
CASSPRGDPNQPQHF	TRBV14-1	TRBD1-1	TRBJ2-1	0.00081367
CASSPRHLAKNIQYF	TRBV19-1	TRBD2-1	TRBJ1-5	0.00081367
CASSPRQLQETQYF	TRBV18-1	TRBD2-1	TRBJ2-1	0.00081367
CASSPSPLLGASTDTQYF	TRBV2-1	TRBD2-1	TRBJ2-3	0.00081367
CASSPSQGLTEAFF	TRBV5-4	TRBD2-1	TRBJ2-3	0.00081367
CASSPTVAGEQYF	TRBV4-2	TRBD2-1	TRBJ2-1	0.00081367
CASSPWTGEDEQYF	TRBV7-9	TRBD2-1	TRBJ1-2	0.00081367
CASSPWTGEGDTQYF	TRBV7-9	TRBD1-1	TRBJ2-7	0.00081367
CASSQAADQETQYF	TRBV5-1	TRBD1-1	TRBJ2-3	0.00081367
CASSQAPGGSEQYF	TRBV4-3	TRBD2-1	TRBJ2-5	0.00081367
CASSQCSRKTYGYTF	TRBV4-3	TRBD2-1	TRBJ2-7	0.00081367
CASSQDRGNGNTIYF	TRBV4-1	TRBD1-1	TRBJ2-7	0.00081367
CASSQDRGTNTEAFF	TRBV4-2	TRBD1-1	TRBJ1-3	0.00081367
CASSQDSDGKHQPQHF	TRBV4-3	TRBD1-1	TRBJ1-1	0.00081367
CASSQDSGSGANVLTF	TRBV4-2	TRBD2-1	TRBJ1-5	0.00081367
CASSQDWYSGSGNEQFF	TRBV4-3	TRBD2-1	TRBJ2-6	0.00081367
CASSQEAPSGGNYGYTF	TRBV4-3	TRBD2-1	TRBJ2-1	0.00081367
CASSQELTGLKNIQYF	TRBV4-3	TRBD1-1	TRBJ1-2	0.00081367
CASSQEWAGEVDTQYF	TRBV4-1	TRBD1-1	TRBJ2-4	0.00081367
CASSQGEWTGGSYTF	TRBV4-3	TRBD2-1	TRBJ2-3	0.00081367
CASSQGLAGTYEQYF	TRBV4-1	TRBD1-1	TRBJ1-2	0.00081367
CASSQGLHSYNEQFF	TRBV4-1	TRBD2-1	TRBJ2-7	0.00081367
CASSQGPAEAFF	TRBV7-3	TRBD2-1	TRBJ2-1	0.00081367
CASSQGQGAGETQYF	TRBV19-1	TRBD1-1	TRBJ1-1	0.00081367
CASSQGTGTSTDTQYF	TRBV2-1	TRBD1-1	TRBJ1-2	0.00081367
CASSRERQYASNQPQHF	TRBV5-1	TRBD2-1	TRBJ2-3	0.00081367
CASSRGTHPTNEKLFF	TRBV28-1	TRBD2-1	TRBJ2-5	0.00081367
CASSRGVDSSTDTQYF	TRBV4-1	TRBD2-1	TRBJ1-4	0.00081367
CASSRNGETQYF	TRBV28-1	TRBD2-1	TRBJ2-1	0.00081367
CASSRQTYEQYF	TRBV28-1	TRBD1-1	TRBJ2-7	0.00081367
CASSRSVATHTNSPLHF	TRBV28-1	TRBD1-1	TRBJ2-7	0.00081367
CASSRTQGGDTEAFF	TRBV21-1	TRBD2-1	TRBJ1-6	0.00081367
CASSRTSNEQFF	TRBV5-1	TRBD2-1	TRBJ1-1	0.00081367
CASSSAQGTDTQYF	TRBV14-1	TRBD1-1	TRBJ2-1	0.00081367
CASSSGLAGVAQETQYF	TRBV13-1	TRBD2-1	TRBJ2-1	0.00081367
CASSSGLAHTGELFF	TRBV5-4	TRBD2-1	TRBJ2-5	0.00081367
CASSSPRTSGVSSTQYF	TRBV27-1	TRBD1-1	TRBJ2-7	0.00081367
CASSSPTGDTQYF	TRBV5-5	TRBD2-1	TRBJ2-3	0.00081367
CASSSRTGGSGRYNEQFF	TRBV19-1	TRBD2-1	TRBJ2-4	0.00081367
CASSSRTGNEKLFF	TRBV5-1	TRBD2-1	TRBJ2-1	0.00081367
CASSSRTSENIQYF	TRBV13-1	TRBD1-1	TRBJ1-4	0.00081367
CASSSSGRASDTQYF	TRBV21-1	TRBD2-1	TRBJ2-4	0.00081367
CASSSSHRESYEQYF	TRBV7-2	TRBD2-1	TRBJ2-3	0.00081367
CASSSSQSGSEAKNIQYF	TRBV6-5	TRBD1-1	TRBJ2-7	0.00081367
CASSSSTRGETQYF	TRBV13-1	TRBD2-1	TRBJ2-4	0.00081367
CASSTATSGAAQYF	TRBV11-1	TRBD2-1	TRBJ1-2	0.00081367
CASSTDYSRQSRANVLTF	TRBV28-1	TRBD1-1	TRBJ2-1	0.00081367
CASSTGYYNEQFF	TRBV5-1	TRBD2-1	TRBJ2-1	0.00081367
CASSTKGPNEQFF	TRBV7-2	TRBD2-1	TRBJ2-1	0.00081367
CASSTMTGYVLQPQHF	TRBV19-1	TRBD1-1	TRBJ2-1	0.00081367
CASSTRSGPNSYEQYF	TRBV6-1	TRBD2-1	TRBJ1-5	0.00081367
CASSVAAAGITDTQYF	TRBV11-2	TRBD2-1	TRBJ2-7	0.00081367
CASSVKGPYEQYF	TRBV7-2	TRBD1-1	TRBJ2-7	0.00081367
CASSVPGQLNYGYTF	TRBV5-1	TRBD1-1	TRBJ2-7	0.00081367
CASSVQGASEAFF	TRBV28-1	TRBD1-1	TRBJ1-2	0.00081367
CASSVSGRLRTGELFF	TRBV9-1	TRBD2-1	TRBJ2-7	0.00081367
CASSVYSQETQYF	TRBV19-1	TRBD1-1	TRBJ1-1	0.00081367
CASSWGRVGNYGYTF	TRBV28-1	TRBD2-1	TRBJ2-7	0.00081367
CASSYFLSSSGNTIYF	TRBV6-5	TRBD2-1	TRBJ1-3	0.00081367
CASSYGGKEQFF	TRBV6-5	TRBD2-1	TRBJ1-3	0.00081367
CASSYHPGQGHYGYTF	TRBV6-5	TRBD2-1	TRBJ2-1	0.00081367
CASSYPGQGGNEQFF	TRBV6-5	TRBD2-1	TRBJ2-7	0.00081367
CASSYQPGSGNTIYF	TRBV5-4	TRBD1-1	TRBJ2-5	0.00081367
CASSYRLAGADEQFF	TRBV6-6	TRBD2-1	TRBJ1-3	0.00081367
CASSYSGAGSGNTIYF	TRBV11-3	TRBD2-1	TRBJ1-3	0.00081367
CASSYSGTGTEAFF	TRBV6-5	TRBD1-1	TRBJ1-3	0.00081367
CASSYSPDRGAFF	TRBV6-5	TRBD1-1	TRBJ1-1	0.00081367
CASSYWTGGGGYGYTF	TRBV6-5	TRBD2-1	TRBJ2-1	0.00081367
CASTAGEYGYTF	TRBV6-5	TRBD1-1	TRBJ1-2	0.00081367
CASTELSDRSTGELFF	TRBV19-1	TRBD1-1	TRBJ1-4	0.00081367
CASTGATNEKLFF	TRBV28-1	TRBD1-1	TRBJ2-2	0.00081367
CASTGIYEQYF	TRBV19-1	TRBD1-1	TRBJ1-4	0.00081367
CASTGQPTGELFF	TRBV28-1	TRBD1-1	TRBJ2-7	0.00081367
CASTGTYEQYF	TRBV2-1	TRBD1-1	TRBJ2-2	0.00081367
CASTLAANYGYTF	TRBV28-1	TRBD1-1	TRBJ2-7	0.00081367
CASTLAGDVTGELFF	TRBV6-1	TRBD1-1	TRBJ1-2	0.00081367
CASTLDQDTEAFF	TRBV10-2	TRBD2-1	TRBJ2-2	0.00081367
CASTLGGFQETQYF	TRBV19-1	TRBD1-1	TRBJ1-1	0.00081367
CASTLGLAGFDTQYF	TRBV2-1	TRBD2-1	TRBJ2-5	0.00081367
CASTPDQDTEAFF	TRBV19-1	TRBD2-1	TRBJ1-2	0.00081367
CASTPGQGRRNYGYTF	TRBV19-1	TRBD1-1	TRBJ1-1	0.00081367
CASTPPGRDSRVNEQFF	TRBV19-1	TRBD1-1	TRBJ1-2	0.00081367
CASTPSGRAGEQFF	TRBV27-1	TRBD1-1	TRBJ2-1	0.00081367
CASTRSGTNLLEQYF	TRBV6-1	TRBD2-1	TRBJ2-1	0.00081367
CASTRSSGGTDTQYF	TRBV6-5	TRBD2-1	TRBJ2-7	0.00081367
CASTRWGLLITEAFF	TRBV7-6	TRBD2-1	TRBJ2-3	0.00081367
CASTSPSGETGELFF	TRBV28-1	TRBD1-1	TRBJ1-1	0.00081367
CASTVGGEAFF	TRBV19-1	TRBD2-1	TRBJ2-2	0.00081367
CASVGGAGEKLFF	TRBV5-4	TRBD2-1	TRBJ1-1	0.00081367
CASVKDIATDTQYF	TRBV19-1	TRBD2-1	TRBJ1-4	0.00081367
CASYNRPGGETQYF	TRBV25-1	TRBD1-1	TRBJ2-3	0.00081367
CATSAYERAVGETQYF	TRBV18-1	TRBD2-1	TRBJ2-5	0.00081367
CATSRDHSGLAGGNSYEQYF	TRBV15-1	TRBD1-1	TRBJ1-5	0.00081367
CATSRDLMRSTEAFF	TRBV15-1	TRBD2-1	TRBJ2-7	0.00081367
CATSREPSRELFF	TRBV15-1	TRBD2-1	TRBJ1-1	0.00081367
CATSRGTEEKLFF	TRBV15-1	TRBD2-1	TRBJ2-2	0.00081367
CATSRSLGGDTQYF	TRBV15-1	TRBD1-1	TRBJ1-4	0.00081367
CATSRVQGNGYTF	TRBV15-1	TRBD2-1	TRBJ2-3	0.00081367
CAWPTGEAFF	TRBV30-1	TRBD1-1	TRBJ2-6	0.00081367
CAWSGLPGQGAKKTEAFF	TRBV30-1	TRBD1-1	TRBJ2-7	0.00081367
CAWSQRGRGSNTEAFF	TRBV30-1	TRBD1-1	TRBJ1-1	0.00081367
CAWSTTGEGTDTQYF	TRBV30-1	TRBD1-1	TRBJ1-1	0.00081367
CAWSVAASGRARQFF	TRBV30-1	TRBD1-1	TRBJ2-3	0.00081367
CAWSYRQGDNEQYF	TRBV30-1	TRBD1-1	TRBJ1-2	0.00081367
CAWTAWAGGLYEQFF	TRBV30-1	TRBD1-1	TRBJ2-7	0.00081367
CAWTPTRGTGREQYF	TRBV30-1	TRBD2-1	TRBJ2-1	0.00081367
CSAGIAATDTQYF	TRBV30-1	TRBD1-1	TRBJ2-7	0.00081367
CSALPRTSGTGSYNEQFF	TRBV29-1	TRBD1-1	TRBJ2-3	0.00081367
CSAQGAGGTDTQYF	TRBV29-1	TRBD2-1	TRBJ2-1	0.00081367
CSARLAGANNEQFF	TRBV29-1	TRBD2-1	TRBJ2-3	0.00081367
CSGGTSPTDTQYF	TRBV29-1	TRBD2-1	TRBJ2-1	0.00081367
CSVEGVRGLAGFTGELFF	TRBV29-1	TRBD2-1	TRBJ2-2	0.00081367
CSVEHFGGVNQPQHF	TRBV29-1	TRBD2-1	TRBJ2-2	0.00081367
CSVEVDLPAGNEQFF	TRBV29-1	TRBD2-1	TRBJ1-5	0.00081367
CSVGASGGGETQYF	TRBV29-1	TRBD2-1	TRBJ2-1	0.00081367
CSVGEVRRQKASGELFF	TRBV29-1	TRBD2-1	TRBJ2-5	0.00081367
CSVLDRGPDTQYF	TRBV29-1	TRBD2-1	TRBJ2-2	0.00081367
CSVLRGETQYF	TRBV29-1	TRBD1-1	TRBJ2-3	0.00081367
CACGYRSSGNTIYF	TRBV27-1	TRBD1-1	TRBJ1-1	0.00081367
CACTPQGFGETQYF	TRBV30-1	TRBD1-1	TRBJ1-3	0.00081367
CAGEGPPDDEQFF	TRBV30-1	TRBD1-1	TRBJ2-5	0.00081367
CAGELGGEQFF	TRBV6-1	TRBD2-1	TRBJ2-1	0.00081367
CAHMKTGLGEQYF	TRBV2-1	TRBD2-1	TRBJ2-1	0.00081367
CAISDNRGRSDTQYF	TRBV10-3	TRBD1-1	TRBJ1-1	0.00081367
CAISEIMKRDSYGYTF	TRBV10-3	TRBD1-1	TRBJ2-3	0.00081367
CAISENRDGYIF	TRBV10-3	TRBD1-1	TRBJ1-2	0.00081367
CAISENRDGYTF	TRBV10-3	TRBD1-1	TRBJ1-2	0.00081367
CAISERGGGDEQYF	TRBV10-3	TRBD1-1	TRBJ1-2	0.00081367
CAISNNPRGDYGYTF	TRBV10-3	TRBD1-1	TRBJ2-7	0.00081367
CAITGTQGGEQYF	TRBV10-3	TRBD2-1	TRBJ2-7	0.00081367
CANSPGMYTEAFF	TRBV10-3	TRBD1-1	TRBJ2-7	0.00081367
CASAPAAGNQETQYF	TRBV7-2	TRBD2-1	TRBJ2-7	0.00081367
CASDNRGNTEAFF	TRBV7-3	TRBD2-1	TRBJ2-5	0.00081367
CASEKGQLTGELFF	TRBV19-1	TRBD1-1	TRBJ1-1	0.00081367
CASETGALQETQYF	TRBV12-5	TRBD1-1	TRBJ2-2	0.00081367
CASGEEGRGETQYF	TRBV5-5	TRBD1-1	TRBJ2-5	0.00081367
CASGRGTGGFEQYF	TRBV10-2	TRBD2-1	TRBJ2-7	0.00081367
CASGRGTGGYEQYF	TRBV27-1	TRBD1-1	TRBJ2-7	0.00081367
CASGTRRGLNYGYTF	TRBV6-6	TRBD2-1	TRBJ2-7	0.00081367
CASIKGRGVGGYTF	TRBV28-1	TRBD2-1	TRBJ1-2	0.00081367
CASKMGGETDTQYF	TRBV11-2	TRBD1-1	TRBJ2-2	0.00081367
CASKRQGSTDTQYF	TRBV5-1	TRBD2-1	TRBJ2-3	0.00081367
CASKSGSSYNEQFF	TRBV27-1	TRBD1-1	TRBJ2-3	0.00081367
CASLGEVGKKLFF	TRBV28-1	TRBD2-1	TRBJ2-1	0.00081367
CASLRTESSGNTIYF	TRBV6-4	TRBD2-1	TRBJ1-4	0.00081367
CASMEQGAMDEQFF	TRBV6-4	TRBD1-1	TRBJ1-3	0.00081367
CASMRQVSSGNTIYF	TRBV7-9	TRBD2-1	TRBJ1-4	0.00081367
CASMTGNQPQHF	TRBV19-1	TRBD1-1	TRBJ1-3	0.00081367
CASNAGPEETQYF	TRBV27-1	TRBD2-1	TRBJ1-5	0.00081367
CASNGQGPSQPQHF	TRBV19-1	TRBD2-1	TRBJ2-5	0.00081367
CASNGQGRLDTQYF	TRBV28-1	TRBD1-1	TRBJ1-5	0.00081367
CASRAGQGWNTGELFF	TRBV6-1	TRBD2-1	TRBJ2-2	0.00081367
CASRESGQESYEQYF	TRBV2-1	TRBD1-1	TRBJ2-5	0.00081367
CASRESSDRAGPEAFF	TRBV6-5	TRBD2-1	TRBJ2-7	0.00081367
CASRETVALSYNEQFF	TRBV28-1	TRBD1-1	TRBJ1-1	0.00081367
CASRGLSDRDTGELFF	TRBV6-6	TRBD1-1	TRBJ2-1	0.00081367
CASRGQESYEQYF	TRBV28-1	TRBD1-1	TRBJ2-2	0.00081367
CASRGQNKETQYF	TRBV7-9	TRBD1-1	TRBJ2-7	0.00081367
CASRGQTTEAFF	TRBV6-1	TRBD1-1	TRBJ2-5	0.00081367
CASRGRGIYEQYF	TRBV7-2	TRBD1-1	TRBJ1-1	0.00081367
CASRLDGSIDTQYF	TRBV28-1	TRBD1-1	TRBJ2-2	0.00081367
CASRLDGSINTQYF	TRBV5-1	TRBD2-1	TRBJ2-3	0.00081367
CASRLPGAWETQYF	TRBV6-5	TRBD2-1	TRBJ2-7	0.00081367
CASRPLAAQYNEQFF	TRBV27-1	TRBD2-1	TRBJ2-1	0.00081367
CASRPTGGETQYF	TRBV11-2	TRBD2-1	TRBJ2-1	0.00081367
CASRQPGQSYEQYF	TRBV27-1	TRBD1-1	TRBJ1-4	0.00081367
CASRREAVTQKGYTF	TRBV6-1	TRBD1-1	TRBJ2-7	0.00081367
CASRRLADSNNEQFF	TRBV6-6	TRBD2-1	TRBJ1-2	0.00081367
CASSARTAEAFF	TRBV6-4	TRBD1-1	TRBJ2-3	0.00081367
CASSARTGLAATDTQYF	TRBV5-4	TRBD1-1	TRBJ1-1	0.00081367
CASSDETGSGANVLTF	TRBV27-1	TRBD2-1	TRBJ2-1	0.00081367
CASSDGGALGEQYF	TRBV6-4	TRBD1-1	TRBJ2-6	0.00081367
CASSEGDRVNTEAFF	TRBV6-1	TRBD2-1	TRBJ2-3	0.00081367
CASSEGEAADTQYF	TRBV25-1	TRBD1-1	TRBJ1-1	0.00081367
CASSEGVNTEAFF	TRBV6-4	TRBD1-1	TRBJ2-5	0.00081367
CASSELWRGGYTF	TRBV19-1	TRBD1-1	TRBJ1-1	0.00081367
CASSERGGGRSREKLFF	TRBV6-1	TRBD2-1	TRBJ1-2	0.00081367
CASSERGQGFQPQHF	TRBV7-8	TRBD2-1	TRBJ1-4	0.00081367
CASSESGTSIHEQYF	TRBV10-2	TRBD2-1	TRBJ2-2	0.00081367
CASSESIGTSGSEETQYF	TRBV10-2	TRBD2-1	TRBJ2-7	0.00081367
CASSESPGTRATEAFF	TRBV10-1	TRBD2-1	TRBJ2-5	0.00081367
CASSESVRGTKFF	TRBV6-4	TRBD2-1	TRBJ2-1	0.00081367
CASSESVTGELFF	TRBV10-2	TRBD1-1	TRBJ2-1	0.00081367
CASSETARGYEQYF	TRBV25-1	TRBD2-1	TRBJ2-2	0.00081367
CASSEVGQGLSYEQYF	TRBV18-1	TRBD2-1	TRBJ2-7	0.00081367
CASSFDQVRGNQPQHF	TRBV25-1	TRBD2-1	TRBJ2-3	0.00081367
CASSFPQGPSSYEQYF	TRBV6-6	TRBD1-1	TRBJ2-7	0.00081367
CASSFPSQETQYF	TRBV12-1	TRBD1-1	TRBJ2-7	0.00081367
CASSGGQGLWLTQYF	TRBV7-9	TRBD1-1	TRBJ2-6	0.00081367
CASSGLVYEQYF	TRBV19-1	TRBD2-1	TRBJ2-3	0.00081367
CASSGPGQRTQETQYF	TRBV6-1	TRBD2-1	TRBJ2-7	0.00081367
CASSGPQGREKLFF	TRBV27-1	TRBD1-1	TRBJ2-5	0.00081367
CASSGQGALETQYF	TRBV28-1	TRBD1-1	TRBJ1-4	0.00081367
CASSGSGRASDEQFF	TRBV6-5	TRBD1-1	TRBJ2-5	0.00081367
CASSGTSGSTDTQYF	TRBV28-1	TRBD2-1	TRBJ2-2	0.00081367
CASSGVGGPTGAQYF	TRBV6-1	TRBD2-1	TRBJ2-3	0.00081367
CASSHENPGQANEKLFF	TRBV7-8	TRBD2-1	TRBJ2-5	0.00081367
CASSHGLDGGQPQHF	TRBV4-1	TRBD1-1	TRBJ1-4	0.00081367
CASSHKQGPGELFF	TRBV4-3	TRBD2-1	TRBJ1-5	0.00081367
CASSHLTGAPGGELFF	TRBV4-1	TRBD2-1	TRBJ2-1	0.00081367
CASSHMGTSGRYNEQFF	TRBV7-6	TRBD1-1	TRBJ2-2	0.00081367
CASSHTIDNEQFF	TRBV28-1	TRBD2-1	TRBJ2-1	0.00081367
CASSIDAGQPEQPQHF	TRBV11-3	TRBD1-1	TRBJ2-5	0.00081367
CASSIDPGTLSNTGELFF	TRBV19-1	TRBD1-1	TRBJ1-5	0.00081367
CASSIGAAQETQYF	TRBV19-1	TRBD2-1	TRBJ2-2	0.00081367
CASSIGDSSNQPQHF	TRBV19-1	TRBD2-1	TRBJ2-5	0.00081367
CASSIMSSTGELFF	TRBV19-1	TRBD2-1	TRBJ1-1	0.00081367
CASSIPVIVGTIGYNEQFF	TRBV19-1	TRBD2-1	TRBJ2-2	0.00081367
CASSIQQGLNTEAFF	TRBV19-1	TRBD2-1	TRBJ2-1	0.00081367
CASSIRAFGQGTSSYEQYF	TRBV19-1	TRBD1-1	TRBJ1-1	0.00081367
CASSLAAGRERNIQYF	TRBV6-5	TRBD1-1	TRBJ2-7	0.00081367
CASSLALEGAKQYF	TRBV5-1	TRBD2-1	TRBJ2-1	0.00081367
CASSLAPSLREQYF	TRBV5-1	TRBD1-1	TRBJ2-7	0.00081367
CASSLARSREQYF	TRBV11-2	TRBD2-1	TRBJ2-7	0.00081367
CASSLATGGEKLFF	TRBV7-8	TRBD1-1	TRBJ2-7	0.00081367
CASSLAWAGGPSEQYF	TRBV11-2	TRBD1-1	TRBJ1-4	0.00081367
CASSLDFRREGNQPQHF	TRBV7-2	TRBD2-1	TRBJ2-7	0.00081367
CASSLDGLFTDTQYF	TRBV5-1	TRBD2-1	TRBJ1-5	0.00081367
CASSLDHRASDEQFF	TRBV7-2	TRBD2-1	TRBJ2-3	0.00081367
CASSLDIQPTDTQYF	TRBV11-3	TRBD1-1	TRBJ2-1	0.00081367
CASSLDPSGSSSGELFF	TRBV11-2	TRBD1-1	TRBJ2-3	0.00081367
CASSLEGGAVSYEQYF	TRBV27-1	TRBD1-1	TRBJ2-1	0.00081367
CASSLEQGYNEQFF	TRBV7-2	TRBD2-1	TRBJ2-2	0.00081367
CASSLEQSSYNEQFF	TRBV7-9	TRBD1-1	TRBJ2-1	0.00081367
CASSLFDYTGELFF	TRBV28-1	TRBD2-1	TRBJ2-5	0.00081367
CASSLGAGGPLSGANVLTF	TRBV5-1	TRBD2-1	TRBJ2-2	0.00081367
CASSLGDIEQYF	TRBV11-3	TRBD2-1	TRBJ2-6	0.00081367
CASSLGGAGEAFF	TRBV7-9	TRBD1-1	TRBJ2-7	0.00081367
CASSLGGGLNEQFF	TRBV28-1	TRBD2-1	TRBJ1-1	0.00081367
CASSLGGGQETQYF	TRBV5-8	TRBD2-1	TRBJ2-1	0.00081367
CASSLGLASTDTQYF	TRBV5-1	TRBD2-1	TRBJ2-3	0.00081367
CASSLGLTVYNEQFF	TRBV5-5	TRBD2-1	TRBJ2-3	0.00081367
CASSLGQGNEQFF	TRBV5-6	TRBD2-1	TRBJ2-1	0.00081367
CASSLGQGTYGYTF	TRBV11-2	TRBD1-1	TRBJ2-1	0.00081367
CASSLGREIGRTYEQYF	TRBV5-1	TRBD1-1	TRBJ1-2	0.00081367
CASSLGRMNTEAFF	TRBV5-1	TRBD2-1	TRBJ2-7	0.00081367
CASSLGSPSGANVLTF	TRBV11-2	TRBD2-1	TRBJ2-7	0.00081367
CASSLGTGYGYTF	TRBV28-1	TRBD1-1	TRBJ2-6	0.00081367
CASSLGWREGLNEQYF	TRBV7-9	TRBD1-1	TRBJ1-2	0.00081367
CASSLHSYNEQFF	TRBV7-9	TRBD2-1	TRBJ2-7	0.00081367
CASSLIAEVLSGNEQFF	TRBV5-1	TRBD1-1	TRBJ2-1	0.00081367
CASSLIAGSRGRLEQFF	TRBV28-1	TRBD2-1	TRBJ2-1	0.00081367
CASSLIEIGQTQYF	TRBV5-6	TRBD2-1	TRBJ2-1	0.00081367
CASSLIFDERGYEQYF	TRBV5-6	TRBD2-1	TRBJ2-5	0.00081367
CASSLIPGGASVEQYF	TRBV5-1	TRBD2-1	TRBJ2-7	0.00081367
CASSLIRGLGGNTIYF	TRBV6-5	TRBD1-1	TRBJ2-7	0.00081367
CASSLLREGEQFF	TRBV28-1	TRBD1-1	TRBJ2-1	0.00081367
CASSLLTPEGERQFF	TRBV7-3	TRBD2-1	TRBJ2-1	0.00081367
CASSLLWWRSNYGYTF	TRBV19-1	TRBD1-1	TRBJ2-1	0.00081367
CASSLQGNTEAFF	TRBV18-1	TRBD2-1	TRBJ2-3	0.00081367
CASSLRQGYTGELFF	TRBV5-1	TRBD1-1	TRBJ1-2	0.00081367
CASSLRTGSTEKLFF	TRBV6-5	TRBD1-1	TRBJ1-2	0.00081367
CASSLSAGRKTQYF	TRBV19-1	TRBD2-1	TRBJ1-2	0.00081367
CASSLSASGRIEQYF	TRBV5-6	TRBD1-1	TRBJ2-5	0.00081367
CASSLSDRWNTGELFF	TRBV7-8	TRBD2-1	TRBJ2-7	0.00081367
CASSLSSQGPNYGYTF	TRBV5-4	TRBD2-1	TRBJ2-3	0.00081367
CASSLTGLESNVLTF	TRBV28-1	TRBD1-1	TRBJ2-5	0.00081367
CASSLTGVGGLDEETQYF	TRBV7-6	TRBD1-1	TRBJ2-6	0.00081367
CASSLTPGQRNQPQHF	TRBV5-4	TRBD2-1	TRBJ2-5	0.00081367
CASSLTSGRDTGELFF	TRBV27-1	TRBD1-1	TRBJ1-5	0.00081367
CASSLVYYTDTQYF	TRBV5-1	TRBD1-1	TRBJ2-2	0.00081367
CASSLWDRDNEQFF	TRBV5-5	TRBD2-1	TRBJ2-3	0.00081367
CASSLWQRSYEQYF	TRBV11-3	TRBD1-1	TRBJ2-1	0.00081367
CASSLWSSPGTEAFF	TRBV27-1	TRBD2-1	TRBJ2-7	0.00081367
CASSMGIRFQPQHF	TRBV19-1	TRBD1-1	TRBJ1-5	0.00081367
CASSMIISIAGGTNEQFF	TRBV19-1	TRBD1-1	TRBJ1-5	0.00081367
CASSMSGGGTSFYEQYF	TRBV19-1	TRBD2-1	TRBJ2-1	0.00081367
CASSPDPAGGYNEQFF	TRBV13-1	TRBD2-1	TRBJ2-3	0.00081367
CASSPEGQETQYF	TRBV5-1	TRBD1-1	TRBJ1-1	0.00081367
CASSPEGQGTGGYTF	TRBV2-1	TRBD2-1	TRBJ2-5	0.00081367
CASSPETGRHGYTF	TRBV7-2	TRBD1-1	TRBJ1-2	0.00081367
CASSPGFNRGETQYF	TRBV14-1	TRBD2-1	TRBJ2-3	0.00081367
CASSPGGITEAFF	TRBV5-1	TRBD1-1	TRBJ2-5	0.00081367
CASSPGGRHEKLFF	TRBV11-1	TRBD2-1	TRBJ1-1	0.00081367
CASSPGQSYYEQYF	TRBV27-1	TRBD1-1	TRBJ1-5	0.00081367
CASSPGRGGVGTNTEAFF	TRBV7-9	TRBD1-1	TRBJ2-7	0.00081367
CASSPIAGDLTVSHSGNTIYF	TRBV4-1	TRBD1-1	TRBJ2-7	0.00081367
CASSPLGGNYEQYF	TRBV28-1	TRBD2-1	TRBJ1-3	0.00081367
CASSPMTGGIYEQYF	TRBV6-5	TRBD2-1	TRBJ2-7	0.00081367
CASSPNDSGEQFF	TRBV5-6	TRBD1-1	TRBJ2-7	0.00081367
CASSPNVGQGQETQYF	TRBV13-1	TRBD2-1	TRBJ2-1	0.00081367
CASSPPDRGLYNEQFF	TRBV7-8	TRBD1-1	TRBJ2-5	0.00081367
CASSPPFLEGNEQFF	TRBV18-1	TRBD1-1	TRBJ2-1	0.00081367
CASSPPGLEGNEQFF	TRBV18-1	TRBD2-1	TRBJ2-1	0.00081367
CASSPPGPETQYF	TRBV18-1	TRBD2-1	TRBJ2-1	0.00081367
CASSPPGQAATNEKLFF	TRBV18-1	TRBD1-1	TRBJ2-5	0.00081367
CASSPPRDRTYEQYF	TRBV28-1	TRBD1-1	TRBJ2-7	0.00081367
CASSPPRVRESTDTQYF	TRBV7-8	TRBD1-1	TRBJ2-7	0.00081367
CASSPPTSGLYNEQFF	TRBV28-1	TRBD1-1	TRBJ2-3	0.00081367
CASSPRDRAYNEQFF	TRBV5-6	TRBD1-1	TRBJ2-3	0.00081367
CASSPRGDPNQPQHF	TRBV14-1	TRBD1-1	TRBJ2-1	0.00081367
CASSPRHLAKNIQYF	TRBV19-1	TRBD2-1	TRBJ1-5	0.00081367
CASSPRQLQETQYF	TRBV18-1	TRBD2-1	TRBJ2-1	0.00081367
CASSPSPLLGASTDTQYF	TRBV2-1	TRBD2-1	TRBJ2-3	0.00081367
CASSPSQGLTEAFF	TRBV5-4	TRBD2-1	TRBJ2-3	0.00081367
CASSPTVAGEQYF	TRBV4-2	TRBD2-1	TRBJ2-1	0.00081367
CASSPWTGEDEQYF	TRBV7-9	TRBD2-1	TRBJ1-2	0.00081367
CASSPWTGEGDTQYF	TRBV7-9	TRBD1-1	TRBJ2-7	0.00081367
CASSQAADQETQYF	TRBV5-1	TRBD1-1	TRBJ2-3	0.00081367
CASSQAPGGSEQYF	TRBV4-3	TRBD2-1	TRBJ2-5	0.00081367
CASSQCSRKTYGYTF	TRBV4-3	TRBD2-1	TRBJ2-7	0.00081367
CASSQDRGNGNTIYF	TRBV4-1	TRBD1-1	TRBJ2-7	0.00081367
CASSQDRGTNTEAFF	TRBV4-2	TRBD1-1	TRBJ1-3	0.00081367
CASSQDSDGKHQPQHF	TRBV4-3	TRBD1-1	TRBJ1-1	0.00081367
CASSQDSGSGANVLTF	TRBV4-2	TRBD2-1	TRBJ1-5	0.00081367
CASSQDWYSGSGNEQFF	TRBV4-3	TRBD2-1	TRBJ2-6	0.00081367
CASSQEAPSGGNYGYTF	TRBV4-3	TRBD2-1	TRBJ2-1	0.00081367
CASSQELTGLKNIQYF	TRBV4-3	TRBD1-1	TRBJ1-2	0.00081367
CASSQEWAGEVDTQYF	TRBV4-1	TRBD1-1	TRBJ2-4	0.00081367
CASSQGEWTGGSYTF	TRBV4-3	TRBD2-1	TRBJ2-3	0.00081367
CASSQGLAGTYEQYF	TRBV4-1	TRBD1-1	TRBJ1-2	0.00081367
CASSQGLHSYNEQFF	TRBV4-1	TRBD2-1	TRBJ2-7	0.00081367
CASSQGPAEAFF	TRBV7-3	TRBD2-1	TRBJ2-1	0.00081367
CASSQGQGAGETQYF	TRBV19-1	TRBD1-1	TRBJ1-1	0.00081367
CASSQGTGTSTDTQYF	TRBV2-1	TRBD1-1	TRBJ1-2	0.00081367
CASSRERQYASNQPQHF	TRBV5-1	TRBD2-1	TRBJ2-3	0.00081367
CASSRGTHPTNEKLFF	TRBV28-1	TRBD2-1	TRBJ2-5	0.00081367
CASSRGVDSSTDTQYF	TRBV4-1	TRBD2-1	TRBJ1-4	0.00081367
CASSRNGETQYF	TRBV28-1	TRBD2-1	TRBJ2-1	0.00081367
CASSRQTYEQYF	TRBV28-1	TRBD1-1	TRBJ2-7	0.00081367
CASSRSVATHTNSPLHF	TRBV28-1	TRBD1-1	TRBJ2-7	0.00081367
CASSRTQGGDTEAFF	TRBV21-1	TRBD2-1	TRBJ1-6	0.00081367
CASSRTSNEQFF	TRBV5-1	TRBD2-1	TRBJ1-1	0.00081367
CASSSAQGTDTQYF	TRBV14-1	TRBD1-1	TRBJ2-1	0.00081367
CASSSGLAGVAQETQYF	TRBV13-1	TRBD2-1	TRBJ2-1	0.00081367
CASSSGLAHTGELFF	TRBV5-4	TRBD2-1	TRBJ2-5	0.00081367
CASSSPRTSGVSSTQYF	TRBV27-1	TRBD1-1	TRBJ2-7	0.00081367
CASSSPTGDTQYF	TRBV5-5	TRBD2-1	TRBJ2-3	0.00081367
CASSSRTGGSGRYNEQFF	TRBV19-1	TRBD2-1	TRBJ2-4	0.00081367
CASSSRTGNEKLFF	TRBV5-1	TRBD2-1	TRBJ2-1	0.00081367
CASSSRTSENIQYF	TRBV13-1	TRBD1-1	TRBJ1-4	0.00081367
CASSSSGRASDTQYF	TRBV21-1	TRBD2-1	TRBJ2-4	0.00081367
CASSSSHRESYEQYF	TRBV7-2	TRBD2-1	TRBJ2-3	0.00081367
CASSSSQSGSEAKNIQYF	TRBV6-5	TRBD1-1	TRBJ2-7	0.00081367
CASSSSTRGETQYF	TRBV13-1	TRBD2-1	TRBJ2-4	0.00081367
CASSTATSGAAQYF	TRBV11-1	TRBD2-1	TRBJ1-2	0.00081367
CASSTDYSRQSRANVLTF	TRBV28-1	TRBD1-1	TRBJ2-1	0.00081367
CASSTGYYNEQFF	TRBV5-1	TRBD2-1	TRBJ2-1	0.00081367
CASSTKGPNEQFF	TRBV7-2	TRBD2-1	TRBJ2-1	0.00081367
CASSTMTGYVLQPQHF	TRBV19-1	TRBD1-1	TRBJ2-1	0.00081367
CASSTRSGPNSYEQYF	TRBV6-1	TRBD2-1	TRBJ1-5	0.00081367
CASSVAAAGITDTQYF	TRBV11-2	TRBD2-1	TRBJ2-7	0.00081367
CASSVKGPYEQYF	TRBV7-2	TRBD1-1	TRBJ2-7	0.00081367
CASSVPGQLNYGYTF	TRBV5-1	TRBD1-1	TRBJ2-7	0.00081367
CASSVQGASEAFF	TRBV28-1	TRBD1-1	TRBJ1-2	0.00081367
CASSVSGRLRTGELFF	TRBV9-1	TRBD2-1	TRBJ2-7	0.00081367
CASSVYSQETQYF	TRBV19-1	TRBD1-1	TRBJ1-1	0.00081367
CASSWGRVGNYGYTF	TRBV28-1	TRBD2-1	TRBJ2-7	0.00081367
CASSYFLSSSGNTIYF	TRBV6-5	TRBD2-1	TRBJ1-3	0.00081367
CASSYGGKEQFF	TRBV6-5	TRBD2-1	TRBJ1-3	0.00081367
CASSYHPGQGHYGYTF	TRBV6-5	TRBD2-1	TRBJ2-1	0.00081367
CASSYPGQGGNEQFF	TRBV6-5	TRBD2-1	TRBJ2-7	0.00081367
CASSYQPGSGNTIYF	TRBV5-4	TRBD1-1	TRBJ2-5	0.00081367
CASSYRLAGADEQFF	TRBV6-6	TRBD2-1	TRBJ1-3	0.00081367
CASSYSGAGSGNTIYF	TRBV11-3	TRBD2-1	TRBJ1-3	0.00081367
CASSYSGTGTEAFF	TRBV6-5	TRBD1-1	TRBJ1-3	0.00081367
CASSYSPDRGAFF	TRBV6-5	TRBD1-1	TRBJ1-1	0.00081367
CASSYWTGGGGYGYTF	TRBV6-5	TRBD2-1	TRBJ2-1	0.00081367
CASTAGEYGYTF	TRBV6-5	TRBD1-1	TRBJ1-2	0.00081367
CASTELSDRSTGELFF	TRBV19-1	TRBD1-1	TRBJ1-4	0.00081367
CASTGATNEKLFF	TRBV28-1	TRBD1-1	TRBJ2-2	0.00081367
CASTGIYEQYF	TRBV19-1	TRBD1-1	TRBJ1-4	0.00081367
CASTGQPTGELFF	TRBV28-1	TRBD1-1	TRBJ2-7	0.00081367
CASTGTYEQYF	TRBV2-1	TRBD1-1	TRBJ2-2	0.00081367
CASTLAANYGYTF	TRBV28-1	TRBD1-1	TRBJ2-7	0.00081367
CASTLAGDVTGELFF	TRBV6-1	TRBD1-1	TRBJ1-2	0.00081367
CASTLDQDTEAFF	TRBV10-2	TRBD2-1	TRBJ2-2	0.00081367
CASTLGGFQETQYF	TRBV19-1	TRBD1-1	TRBJ1-1	0.00081367
CASTLGLAGFDTQYF	TRBV2-1	TRBD2-1	TRBJ2-5	0.00081367
CASTPDQDTEAFF	TRBV19-1	TRBD2-1	TRBJ1-2	0.00081367
CASTPGQGRRNYGYTF	TRBV19-1	TRBD1-1	TRBJ1-1	0.00081367
CASTPPGRDSRVNEQFF	TRBV19-1	TRBD1-1	TRBJ1-2	0.00081367
CASTPSGRAGEQFF	TRBV27-1	TRBD1-1	TRBJ2-1	0.00081367
CASTRSGTNLLEQYF	TRBV6-1	TRBD2-1	TRBJ2-1	0.00081367
CASTRSSGGTDTQYF	TRBV6-5	TRBD2-1	TRBJ2-7	0.00081367
CASTRWGLLITEAFF	TRBV7-6	TRBD2-1	TRBJ2-3	0.00081367
CASTSPSGETGELFF	TRBV28-1	TRBD1-1	TRBJ1-1	0.00081367
CASTVGGEAFF	TRBV19-1	TRBD2-1	TRBJ2-2	0.00081367
CASVGGAGEKLFF	TRBV5-4	TRBD2-1	TRBJ1-1	0.00081367
CASVKDIATDTQYF	TRBV19-1	TRBD2-1	TRBJ1-4	0.00081367
CASYNRPGGETQYF	TRBV25-1	TRBD1-1	TRBJ2-3	0.00081367
CATSAYERAVGETQYF	TRBV18-1	TRBD2-1	TRBJ2-5	0.00081367
CATSRDHSGLAGGNSYEQYF	TRBV15-1	TRBD1-1	TRBJ1-5	0.00081367
CATSRDLMRSTEAFF	TRBV15-1	TRBD2-1	TRBJ2-7	0.00081367
CATSREPSRELFF	TRBV15-1	TRBD2-1	TRBJ1-1	0.00081367
CATSRGTEEKLFF	TRBV15-1	TRBD2-1	TRBJ2-2	0.00081367
CATSRSLGGDTQYF	TRBV15-1	TRBD1-1	TRBJ1-4	0.00081367
CATSRVQGNGYTF	TRBV15-1	TRBD2-1	TRBJ2-3	0.00081367
CAWPTGEAFF	TRBV30-1	TRBD1-1	TRBJ2-6	0.00081367
CAWSGLPGQGAKKTEAFF	TRBV30-1	TRBD1-1	TRBJ2-7	0.00081367
CAWSQRGRGSNTEAFF	TRBV30-1	TRBD1-1	TRBJ1-1	0.00081367
CAWSTTGEGTDTQYF	TRBV30-1	TRBD1-1	TRBJ1-1	0.00081367
CAWSVAASGRARQFF	TRBV30-1	TRBD1-1	TRBJ2-3	0.00081367
CAWSYRQGDNEQYF	TRBV30-1	TRBD1-1	TRBJ1-2	0.00081367
CAWTAWAGGLYEQFF	TRBV30-1	TRBD1-1	TRBJ2-7	0.00081367
CAWTPTRGTGREQYF	TRBV30-1	TRBD2-1	TRBJ2-1	0.00081367
CSAGIAATDTQYF	TRBV30-1	TRBD1-1	TRBJ2-7	0.00081367
CSALPRTSGTGSYNEQFF	TRBV29-1	TRBD1-1	TRBJ2-3	0.00081367
CSAQGAGGTDTQYF	TRBV29-1	TRBD2-1	TRBJ2-1	0.00081367
CSARLAGANNEQFF	TRBV29-1	TRBD2-1	TRBJ2-3	0.00081367
CSGGTSPTDTQYF	TRBV29-1	TRBD2-1	TRBJ2-1	0.00081367
CSVEGVRGLAGFTGELFF	TRBV29-1	TRBD2-1	TRBJ2-2	0.00081367
CSVEHFGGVNQPQHF	TRBV29-1	TRBD2-1	TRBJ2-2	0.00081367
CSVEVDLPAGNEQFF	TRBV29-1	TRBD2-1	TRBJ1-5	0.00081367
CSVGASGGGETQYF	TRBV29-1	TRBD2-1	TRBJ2-1	0.00081367
CSVGEVRRQKASGELFF	TRBV29-1	TRBD2-1	TRBJ2-5	0.00081367
CSVLDRGPDTQYF	TRBV29-1	TRBD2-1	TRBJ2-2	0.00081367
CSVLRGETQYF	TRBV29-1	TRBD1-1	TRBJ2-3	0.00081367