#RunId:SRR1653292,Condition:Gastric Cancer,CellSource:Unknown,CellType:Unknown
AASeq	Vregion	Dregion	Jregion	cloneFraction
CAISEWNDEQYF	TRBV10-3	Unknown	TRBJ2-7	0.09840808
CASSLSLSSTEAFF	TRBV11-2	Unknown	TRBJ1-1	0.05065121
CASSWADGGYTF	TRBV12-4	Unknown	TRBJ1-2	0.04052097
CAIRPVDTDYEQYF	TRBV10-3	Unknown	TRBJ2-7	0.03039072
CASSLSGQGYGYTF	TRBV28	Unknown	TRBJ1-2	0.02821997
CASSRGDRGNSPLHF	TRBV27	Unknown	TRBJ1-6	0.02749637
CASSLDVGSTDTQYF	TRBV28	Unknown	TRBJ2-3	0.01736613
CASSEAGGYTF	TRBV6-6	Unknown	TRBJ1-2	0.01664254
CASSLLGSQETQYF	TRBV28	Unknown	TRBJ2-5	0.01664254
CASRDRAEAFF	TRBV28	Unknown	TRBJ1-1	0.01447178
CASSSGWEGQPQHF	TRBV7-9	Unknown	TRBJ1-5	0.01447178
CASSYARDRTNQPQHF	TRBV6-6	Unknown	TRBJ1-5	0.01302459
CASSFGVLNTEAFF	TRBV27	Unknown	TRBJ1-1	0.01085383
CASSLMTSSNEQFF	TRBV7-9	Unknown	TRBJ2-1	0.01085383
CATSDLEWGQPQHF	TRBV24-1	Unknown	TRBJ1-5	0.01085383
CASRWTVNTEAFF	TRBV12-4	Unknown	TRBJ1-1	0.01013024
CASSLFYNGDPNTEAFF	TRBV6-6	Unknown	TRBJ1-1	0.00940665
CASSRTGASNQPQHF	TRBV6-6	Unknown	TRBJ1-5	0.00940665
CATMDRLNQPQHF	TRBV19	Unknown	TRBJ1-5	0.00868307
CSGNDRSYEQYF	TRBV20-1	Unknown	TRBJ2-7	0.00868307
CASSFGGMGEAFF	TRBV27	Unknown	TRBJ1-1	0.00795948
CASSYSAGGTEAFF	TRBV10-3	Unknown	TRBJ1-1	0.00795948
CASKMRAEQETQYF	TRBV28	Unknown	TRBJ2-5	0.00723588
CASSPLAQGEAEAFF	TRBV18	Unknown	TRBJ1-1	0.0065123
CASSRTYGYTF	TRBV28	Unknown	TRBJ1-2	0.0065123
CASTDNGRKDSPLHF	TRBV28	Unknown	TRBJ1-6	0.0065123
CAISEWGDTQYF	TRBV10-3	Unknown	TRBJ2-3	0.00578871
CASSEGTGYYGYTF	TRBV6-6	Unknown	TRBJ1-2	0.00578871
CASSGGANVLTF	TRBV6-6	Unknown	TRBJ2-6	0.00578871
CASSILGGGNQPQHF	TRBV19	Unknown	TRBJ1-5	0.00578871
CASSPRRALNEQFF	TRBV19	Unknown	TRBJ2-1	0.00578871
CASSSDTQYF	TRBV28	Unknown	TRBJ2-3	0.00506512
CASSVLRGTEAFF	TRBV12-4	Unknown	TRBJ1-1	0.00506512
CASSPEQGVGTPLHF	TRBV4-2	Unknown	TRBJ1-6	0.00434153
CASSSLDSDEAFF	TRBV28	Unknown	TRBJ1-1	0.00434153
CASTVGPYEQYF	TRBV6-1	Unknown	TRBJ2-7	0.00434153
CASNSETATYEQYF	TRBV6-1	Unknown	TRBJ2-7	0.00361794
CASSFGQGEGPQHF	TRBV12-4	Unknown	TRBJ1-5	0.00361794
CASSLSWDQETQYF	TRBV27	Unknown	TRBJ2-5	0.00361794
CASSSTGRSSYEQYF	TRBV6-1	Unknown	TRBJ2-7	0.00361794
CASSKTPTETQYF	TRBV19	Unknown	TRBJ2-5	0.00289436
CASSLGQPNQPQHF	TRBV12-4	Unknown	TRBJ1-5	0.00289436
CASSPPLGERTQYF	TRBV28	Unknown	TRBJ2-5	0.00289436
CASSQDIRESFF	TRBV3-1	Unknown	TRBJ1-1	0.00289436
CASSQGPVDSPLHF	TRBV3-1	Unknown	TRBJ1-6	0.00289436
CASSSGADFYEQYF	TRBV7-9	Unknown	TRBJ2-7	0.00289436
CASSWQGTIQPQHF	TRBV28	Unknown	TRBJ1-5	0.00289436
CASSWRHNTGELFF	TRBV19	Unknown	TRBJ2-2	0.00289436
CASSYLVGNYEQYF	TRBV10-3	Unknown	TRBJ2-7	0.00289436
CASSYSTDRSSYEQYF	TRBV6-6	Unknown	TRBJ2-7	0.00289436
CSARDMNTEAFF	TRBV20-1	Unknown	TRBJ1-1	0.00289436
CSARDSSNQPQHF	TRBV20-1	Unknown	TRBJ1-5	0.00289436
CASDNTGGPDTQYF	TRBV11-1	Unknown	TRBJ2-3	0.00217077
CASKGASTDTQYF	TRBV19	Unknown	TRBJ2-3	0.00217077
CASRRGDHEQYF	TRBV10-3	Unknown	TRBJ2-7	0.00217077
CASRTLENTGELFF	TRBV28	Unknown	TRBJ2-2	0.00217077
CASSEDFAGYEQYF	TRBV6-6	Unknown	TRBJ2-7	0.00217077
CASSEHLTGNTEAFF	TRBV25-1	Unknown	TRBJ1-1	0.00217077
CASSEVPSANYGYTF	TRBV7-2	Unknown	TRBJ1-2	0.00217077
CASSFHVNQPQHF	TRBV7-2	Unknown	TRBJ1-5	0.00217077
CASSISSTGELFF	TRBV19	Unknown	TRBJ2-2	0.00217077
CASSLDRGVGTEAFF	TRBV11-3	Unknown	TRBJ1-1	0.00217077
CASSLGQGLSGANVLTF	TRBV6-6	Unknown	TRBJ2-6	0.00217077
CASSLNSQYGYTF	TRBV7-9	Unknown	TRBJ1-2	0.00217077
CASSLRQGRNEQYF	TRBV28	Unknown	TRBJ2-7	0.00217077
CASSLSGTTDTQYF	TRBV4-1	Unknown	TRBJ2-3	0.00217077
CASSLSRGETQYF	TRBV27	Unknown	TRBJ2-5	0.00217077
CASSRPPGQGPEAFF	TRBV6-6	Unknown	TRBJ1-1	0.00217077
CASSWSPEANTEAFF	TRBV28	Unknown	TRBJ1-1	0.00217077
CASTALAYEQYF	TRBV6-5	Unknown	TRBJ2-7	0.00217077
CATRTGGEETQYF	TRBV24-1	Unknown	TRBJ2-5	0.00217077
CSARDQSGFGYTF	TRBV20-1	Unknown	TRBJ1-2	0.00217077
CSASHRGTEAFF	TRBV20-1	Unknown	TRBJ1-1	0.00217077
CSGKGHSNYGYTF	TRBV20-1	Unknown	TRBJ1-2	0.00217077
CSVEQEVGAFF	TRBV29-1	Unknown	TRBJ1-1	0.00217077
CAGQLGGSGNTQYF	TRBV7-6	Unknown	TRBJ2-3	0.00144717
CAISESEGTDTQYF	TRBV10-3	Unknown	TRBJ2-3	0.00144717
CASIQGFGETQYF	TRBV10-3	Unknown	TRBJ2-5	0.00144717
CASKGEFTQYF	TRBV2	Unknown	TRBJ2-3	0.00144717
CASREGLQETQYF	TRBV2	Unknown	TRBJ2-5	0.00144717
CASRLADTGELFF	TRBV6-1	Unknown	TRBJ2-2	0.00144717
CASRPLQGVTGELFF	TRBV12-3	Unknown	TRBJ2-2	0.00144717
CASRSGSLYEQYF	TRBV6-4	Unknown	TRBJ2-7	0.00144717
CASSAGHRNTGELFF	TRBV28	Unknown	TRBJ2-2	0.00144717
CASSELVGDGYTF	TRBV2	Unknown	TRBJ1-2	0.00144717
CASSFGAKETQYF	TRBV7-3	Unknown	TRBJ2-5	0.00144717
CASSIEQREGGDEQFF	TRBV19	Unknown	TRBJ2-1	0.00144717
CASSIGGGNEQFF	TRBV19	Unknown	TRBJ2-1	0.00144717
CASSITSGRARYEQYF	TRBV10-3	Unknown	TRBJ2-7	0.00144717
CASSKQGSNTGELFF	TRBV19	Unknown	TRBJ2-2	0.00144717
CASSLAGTSGSRIEQFF	TRBV12-3	Unknown	TRBJ2-1	0.00144717
CASSLFDREKETQYF	TRBV28	Unknown	TRBJ2-5	0.00144717
CASSLGERGETQYF	TRBV11-2	Unknown	TRBJ2-5	0.00144717
CASSLGNVETQYF	TRBV28	Unknown	TRBJ2-5	0.00144717
CASSLGQGRGNQPQHF	TRBV28	Unknown	TRBJ1-5	0.00144717
CASSLGSQETQYF	TRBV12-3	Unknown	TRBJ2-5	0.00144717
CASSLQGYEQYF	TRBV28	Unknown	TRBJ2-7	0.00144717
CASSLRQQETQYF	TRBV28	Unknown	TRBJ2-5	0.00144717
CASSLSGRGYEQYF	TRBV28	Unknown	TRBJ2-7	0.00144717
CASSLSSGQNIQYF	TRBV12-3	Unknown	TRBJ2-4	0.00144717
CASSLVGYGYTF	TRBV7-2	Unknown	TRBJ1-2	0.00144717
CASSLYSPSGRPYEQYF	TRBV18	Unknown	TRBJ2-7	0.00144717
CASSPSAGGFGETQYF	TRBV18	Unknown	TRBJ2-5	0.00144717
CASSQDLAGGKDTQYF	TRBV4-1	Unknown	TRBJ2-3	0.00144717
CASSQDLRITDTQYF	TRBV4-1	Unknown	TRBJ2-3	0.00144717
CASSRPGQGVDTQYF	TRBV4-1	Unknown	TRBJ2-3	0.00144717
CASSRTGNYEQYF	TRBV6-8	Unknown	TRBJ2-7	0.00144717
CASSRVRQQETQYF	TRBV3-1	Unknown	TRBJ2-5	0.00144717
CASSSGEQYF	TRBV28	Unknown	TRBJ2-7	0.00144717
CASSSPAQPQHF	TRBV6-1	Unknown	TRBJ1-5	0.00144717
CASSTGTSGPQYF	TRBV19	Unknown	TRBJ2-5	0.00144717
CASSWGLAGADTQYF	TRBV6-2	Unknown	TRBJ2-3	0.00144717
CASSYGSGELFF	TRBV7-9	Unknown	TRBJ2-2	0.00144717
CATGKRADYGYTF	TRBV6-2	Unknown	TRBJ1-2	0.00144717
CATSEPGLDNNEQFF	TRBV24-1	Unknown	TRBJ2-1	0.00144717
CATTPSSRLAGHEQYF	TRBV19	Unknown	TRBJ2-7	0.00144717
CAWSAQGVRNEQFF	TRBV30	Unknown	TRBJ2-1	0.00144717
CSARTGYEQYF	TRBV20-1	Unknown	TRBJ2-7	0.00144717
CSASLLGRGNQPQHF	TRBV20-1	Unknown	TRBJ1-5	0.00144717
CSVERDRGSGYTF	TRBV29-1	Unknown	TRBJ1-2	0.00144717
CAGSLAGDTEAFF	TRBV12-3	Unknown	TRBJ1-1	0.00072359
CAIGSGSGTGELFF	TRBV6-1	Unknown	TRBJ2-2	0.00072359
CASDGTGNYEQYF	TRBV28	Unknown	TRBJ2-7	0.00072359
CASEGPEAFF	TRBV6-4	Unknown	TRBJ1-1	0.00072359
CASGLAGGRGEQYF	TRBV28	Unknown	TRBJ2-7	0.00072359
CASGRKLLRGTEAFF	TRBV3-1	Unknown	TRBJ1-1	0.00072359
CASIKDGYQGTDTQYF	TRBV6-1	Unknown	TRBJ2-3	0.00072359
CASKKRYEQYF	TRBV27	Unknown	TRBJ2-7	0.00072359
CASNRGGHYGYTF	TRBV6-1	Unknown	TRBJ1-2	0.00072359
CASNSGLAGGGNEQFF	TRBV5-1	Unknown	TRBJ2-1	0.00072359
CASRDRGRAQPQHF	TRBV19	Unknown	TRBJ1-5	0.00072359
CASRTGHSSYEQYF	TRBV11-3	Unknown	TRBJ2-7	0.00072359
CASRTSGASYNEQFF	TRBV6-6	Unknown	TRBJ2-1	0.00072359
CASRYMGENSPLHF	TRBV6-6	Unknown	TRBJ1-6	0.00072359
CASSAGLATYEQYF	TRBV2	Unknown	TRBJ2-7	0.00072359
CASSEIGLNSYNEQFF	TRBV10-3	Unknown	TRBJ2-1	0.00072359
CASSFAGYYEQYF	TRBV27	Unknown	TRBJ2-7	0.00072359
CASSFTGPQETQYF	TRBV5-1	Unknown	TRBJ2-5	0.00072359
CASSFYGWNTEAFF	TRBV28	Unknown	TRBJ1-1	0.00072359
CASSGEASGFGNEQFF	TRBV25-1	Unknown	TRBJ2-1	0.00072359
CASSGLGPDTQYF	TRBV18	Unknown	TRBJ2-3	0.00072359
CASSGTAGGNEQFF	TRBV28	Unknown	TRBJ2-1	0.00072359
CASSGTGSAFQETQYF	TRBV9	Unknown	TRBJ2-5	0.00072359
CASSHELDPEETQYF	TRBV3-1	Unknown	TRBJ2-5	0.00072359
CASSIDPILTGELFF	TRBV19	Unknown	TRBJ2-2	0.00072359
CASSKGQGAGETQYF	TRBV6-6	Unknown	TRBJ2-5	0.00072359
CASSLAGGRDTQYF	TRBV12-3	Unknown	TRBJ2-3	0.00072359
CASSLDGSIGSPLHF	TRBV12-4	Unknown	TRBJ1-6	0.00072359
CASSLDPQTPEAFF	TRBV5-1	Unknown	TRBJ1-1	0.00072359
CASSLDRMVQTQYF	TRBV5-4	Unknown	TRBJ2-5	0.00072359
CASSLEGLSGNTIYF	TRBV11-3	Unknown	TRBJ1-3	0.00072359
CASSLEQLARTDTQYF	TRBV5-1	Unknown	TRBJ2-3	0.00072359
CASSLFQGQGTDTQYF	TRBV7-6	Unknown	TRBJ2-3	0.00072359
CASSLGRGGNSPLHF	TRBV5-6	Unknown	TRBJ1-6	0.00072359
CASSLGTVTDTQYF	TRBV7-6	Unknown	TRBJ2-3	0.00072359
CASSLLDNEQFF	TRBV2	Unknown	TRBJ2-1	0.00072359
CASSLQGTMNTEAFF	TRBV5-5	Unknown	TRBJ1-1	0.00072359
CASSLQPGQGNSPLHF	TRBV5-1	Unknown	TRBJ1-6	0.00072359
CASSLQTGNEQFF	TRBV4-1	Unknown	TRBJ2-1	0.00072359
CASSLRRDQETQYF	TRBV12-4	Unknown	TRBJ2-5	0.00072359
CASSLSPGEGKTQYF	TRBV5-1	Unknown	TRBJ2-5	0.00072359
CASSLTGGVTDTQYF	TRBV12-4	Unknown	TRBJ2-3	0.00072359
CASSMNGFYGYTF	TRBV19	Unknown	TRBJ1-2	0.00072359
CASSMPGLAGEGTGELFF	TRBV19	Unknown	TRBJ2-2	0.00072359
CASSNGEAPYEQYF	TRBV2	Unknown	TRBJ2-7	0.00072359
CASSPAAGETQYF	TRBV18	Unknown	TRBJ2-5	0.00072359
CASSPDWERFYEQYF	TRBV27	Unknown	TRBJ2-7	0.00072359
CASSPGQGNEKLFF	TRBV10-3	Unknown	TRBJ1-4	0.00072359
CASSPLRIQETQYF	TRBV7-6	Unknown	TRBJ2-5	0.00072359
CASSPPPAGNEQYF	TRBV2	Unknown	TRBJ2-7	0.00072359
CASSPPQGTSGNTIYF	TRBV18	Unknown	TRBJ1-3	0.00072359
CASSQDGGDTEAFF	TRBV4-3	Unknown	TRBJ1-1	0.00072359
CASSQDPASGGNEQFF	TRBV3-1	Unknown	TRBJ2-1	0.00072359
CASSQDRGEQNIQYF	TRBV3-1	Unknown	TRBJ2-4	0.00072359
CASSQERGGSSYNEQFF	TRBV4-3	Unknown	TRBJ2-1	0.00072359
CASSQETRANTGELFF	TRBV4-1	Unknown	TRBJ2-2	0.00072359
CASSQGLAGGDNEQFF	TRBV4-3	Unknown	TRBJ2-1	0.00072359
CASSQGPGSPLHF	TRBV14	Unknown	TRBJ1-6	0.00072359
CASSQRLQRAWDSPLHF	TRBV27	Unknown	TRBJ1-6	0.00072359
CASSRAGTTGNSPLHF	TRBV6-6	Unknown	TRBJ1-6	0.00072359
CASSRDATNEKLFF	TRBV10-3	Unknown	TRBJ1-4	0.00072359
CASSRFGTGGLNTEAFF	TRBV28	Unknown	TRBJ1-1	0.00072359
CASSRFTSTGELFF	TRBV19	Unknown	TRBJ2-2	0.00072359
CASSSQGGANQPQHF	TRBV2	Unknown	TRBJ1-5	0.00072359
CASSSSTEAFF	TRBV7-9	Unknown	TRBJ1-1	0.00072359
CASSTGTSGRSGANVLTF	TRBV11-2	Unknown	TRBJ2-6	0.00072359
CASSTQGGLSYEQYF	TRBV12-4	Unknown	TRBJ2-7	0.00072359
CASSVGGTGGSYEQYF	TRBV7-6	Unknown	TRBJ2-7	0.00072359
CASSVMGGHTDTQYF	TRBV11-1	Unknown	TRBJ2-3	0.00072359
CASSVNSGDTQYF	TRBV5-5	Unknown	TRBJ2-3	0.00072359
CASSYDSGWNEQFF	TRBV6-8	Unknown	TRBJ2-1	0.00072359
CASSYSAQGQPQHF	TRBV7-2	Unknown	TRBJ1-5	0.00072359
CASSYSGLVRYEQYF	TRBV6-2	Unknown	TRBJ2-7	0.00072359
CASTPNRLGIQYF	TRBV6-2	Unknown	TRBJ2-4	0.00072359
CATSTPGDGTQETQYF	TRBV24-1	Unknown	TRBJ2-5	0.00072359
CAWRGTGEAFF	TRBV30	Unknown	TRBJ1-1	0.00072359
CGVASGSPYNEQFF	TRBV27	Unknown	TRBJ2-1	0.00072359
CSAGGSLTYEQYF	TRBV20-1	Unknown	TRBJ2-7	0.00072359
CSALPGPSTDTQYF	TRBV20-1	Unknown	TRBJ2-3	0.00072359
CSANPRGLETQYF	TRBV20-1	Unknown	TRBJ2-5	0.00072359
CSARDLAGVETQYF	TRBV20-1	Unknown	TRBJ2-5	0.00072359
CSARDQGQITGELFF	TRBV20-1	Unknown	TRBJ2-2	0.00072359
CSARDRNYGYTF	TRBV20-1	Unknown	TRBJ1-2	0.00072359
CSARERRAYNEQFF	TRBV20-1	Unknown	TRBJ2-1	0.00072359
CSARGTSDYEQYF	TRBV20-1	Unknown	TRBJ2-7	0.00072359
CSASPGQASAFF	TRBV20-1	Unknown	TRBJ1-1	0.00072359
CSLTADYNEQFF	TRBV20-1	Unknown	TRBJ2-1	0.00072359
CSVGDREQETQYF	TRBV29-1	Unknown	TRBJ2-5	0.00072359
CSVVAGRAKNEQFF	TRBV29-1	Unknown	TRBJ2-1	0.00072359